Date,Open,High,Low,Close,Volume,Turnover,Unadjusted Close,Dividend
2021-08-02,169.3,170.245,169.1,169.61,10783240.0,1830203900.0,169.61,0.0
2021-08-03,169.42,169.83,169.21,169.49,5402340.0,915388500.0,169.49,0.0
2021-08-04,171.28,171.4,168.99,169.53,9796349.0,1664823800.0,169.53,0.0
2021-08-05,169.37,169.4371,168.203,168.86,7893245.0,1332753400.0,168.86,0.0
2021-08-06,165.84,165.93,164.55,164.64,13547643.0,2237548300.0,164.64,0.0
2021-08-09,163.01,163.295,161.26,161.72,11546973.0,1871766400.0,161.72,0.0
2021-08-10,161.39,162.11,160.68,161.77,6870766.0,1109991000.0,161.77,0.0
2021-08-11,163.15,164.17,162.68,164.0,7382417.0,1206994200.0,164.0,0.0
2021-08-12,163.65,164.1,162.9335,164.04,5222080.0,854991400.0,164.04,0.0
2021-08-13,165.02,166.46,164.89,166.39,7466887.0,1238328800.0,166.39,0.0
2021-08-16,166.73,167.39,166.59,167.22,7781796.0,1300421600.0,167.22,0.0
2021-08-17,167.29,167.73,166.56,166.97,7106992.0,1186694100.0,166.97,0.0
2021-08-18,167.24,167.51,166.26,167.1,7697931.0,1285081000.0,167.1,0.0
2021-08-19,167.24,167.29,166.16,166.61,6934268.0,1155318500.0,166.61,0.0
2021-08-20,166.8,167.14,166.36,166.7,7154348.0,1192720300.0,166.7,0.0
2021-08-23,168.82,168.91,167.96,168.73,8190548.0,1381441800.0,168.73,0.0
2021-08-24,169.04,169.27,168.52,168.65,4519173.0,763309440.0,168.65,0.0
2021-08-25,167.88,167.92,166.74,167.48,5588751.0,935255100.0,167.48,0.0
2021-08-26,167.21,168.21,166.83,167.67,4371866.0,732537400.0,167.67,0.0
2021-08-27,167.58,170.19,166.87,170.19,10036431.0,1697389200.0,170.19,0.0
2021-08-30,169.66,169.835,169.09,169.35,3768628.0,638557700.0,169.35,0.0
2021-08-31,169.23,169.92,168.75,169.69,6336002.0,1073791000.0,169.69,0.0
2021-09-01,169.94,170.0,169.16,169.7,4764866.0,808245060.0,169.7,0.0
2021-09-02,169.5,169.63,168.82,169.25,4601128.0,778826430.0,169.25,0.0
2021-09-03,170.59,171.55,170.15,171.06,8353646.0,1428369700.0,171.06,0.0
2021-09-07,169.56,169.78,167.63,167.71,10007697.0,1684109200.0,167.71,0.0
2021-09-08,168.02,168.08,166.7,167.29,6575990.0,1100964000.0,167.29,0.0
2021-09-09,168.17,168.28,166.83,168.03,6641424.0,1113851000.0,168.03,0.0
2021-09-10,167.81,168.08,167.145,167.18,7426272.0,1245230700.0,167.18,0.0
2021-09-13,167.45,168.22,167.395,167.74,5474323.0,918617540.0,167.74,0.0
2021-09-14,168.22,169.16,167.48,168.82,7922917.0,1334899800.0,168.82,0.0
2021-09-15,168.1332,168.36,167.45,167.83,5624883.0,943944300.0,167.83,0.0
2021-09-16,164.38,164.44,163.233,164.03,11780399.0,1932750500.0,164.03,0.0
2021-09-17,163.86,164.32,163.4,163.77,8369679.0,1371538600.0,163.77,0.0
2021-09-20,164.29,165.28,164.07,164.94,7566577.0,1246966400.0,164.94,0.0
2021-09-21,165.81,166.63,165.49,166.04,7181458.0,1192352400.0,166.04,0.0
2021-09-22,165.89,167.15,165.03,165.42,9777794.0,1622979100.0,165.42,0.0
2021-09-23,164.1,164.2,163.27,163.51,8451899.0,1383792800.0,163.51,0.0
2021-09-24,163.0,164.0,162.74,163.3,6937521.0,1133884900.0,163.3,0.0
2021-09-27,163.85,164.3608,163.51,163.64,4942989.0,809802000.0,163.64,0.0
2021-09-28,162.73,162.82,161.73,162.05,9282755.0,1506378800.0,162.05,0.0
2021-09-29,162.35,162.74,160.97,161.32,8360656.0,1351710800.0,161.32,0.0
2021-09-30,162.66,164.95,162.34,164.22,10574824.0,1733717600.0,164.22,0.0
2021-10-01,164.27,164.96,163.885,164.59,6654686.0,1094285000.0,164.59,0.0
2021-10-04,163.69,165.54,163.47,165.36,7651658.0,1261648100.0,165.36,0.0
2021-10-05,163.94,164.85,163.49,164.59,5617283.0,922740200.0,164.59,0.0
2021-10-06,164.23,165.06,164.1531,165.03,6067156.0,999023170.0,165.03,0.0
2021-10-07,164.02,164.8507,163.96,164.16,4791505.0,787400640.0,164.16,0.0
2021-10-08,166.32,166.42,164.135,164.23,8536109.0,1408826200.0,164.23,0.0
2021-10-11,164.04,164.58,163.91,163.92,3820087.0,627384640.0,163.92,0.0
2021-10-12,164.5701,165.44,164.31,164.66,5453049.0,898951200.0,164.66,0.0
2021-10-13,165.28,167.92,165.28,167.59,11118291.0,1858010200.0,167.59,0.0
2021-10-14,168.19,168.22,167.71,168.0,5083847.0,854270140.0,168.0,0.0
2021-10-15,165.39,166.09,165.1,165.33,8699223.0,1439755300.0,165.33,0.0
2021-10-18,165.42,165.59,164.81,164.92,4029594.0,665617000.0,164.92,0.0
2021-10-19,166.5,166.5,165.2001,165.45,6588473.0,1091733200.0,165.45,0.0
2021-10-20,166.21,167.11,165.9258,166.9,5022036.0,837140860.0,166.9,0.0
2021-10-21,166.7,166.94,166.24,166.75,4412389.0,734747000.0,166.75,0.0
2021-10-22,168.67,169.54,166.67,167.77,10703927.0,1799558000.0,167.77,0.0
2021-10-25,168.66,169.21,168.53,168.93,4881346.0,824580400.0,168.93,0.0
2021-10-26,167.88,167.91,166.63,167.68,6658890.0,1114716900.0,167.68,0.0
2021-10-27,167.73,168.2,166.86,168.12,5823080.0,976613200.0,168.12,0.0
2021-10-28,168.98,169.25,167.53,168.08,7000717.0,1178760200.0,168.08,0.0
2021-10-29,166.29,166.73,165.64,166.65,7531822.0,1252549100.0,166.65,0.0
2021-11-01,167.38,167.84,166.91,167.52,4975560.0,833334850.0,167.52,0.0
2021-11-02,167.43,167.63,166.963,167.16,3760736.0,628755600.0,167.16,0.0
2021-11-03,165.34,165.95,164.38,165.77,9055208.0,1495534100.0,165.77,0.0
2021-11-04,167.51,168.14,167.37,167.65,6656097.0,1116072200.0,167.65,0.0
2021-11-05,168.42,169.94,167.85,169.84,9368948.0,1584146400.0,169.84,0.0
2021-11-08,170.43,170.7,170.06,170.45,4966135.0,846296260.0,170.45,0.0
2021-11-09,170.73,171.31,170.12,171.29,5781180.0,987973600.0,171.29,0.0
2021-11-10,173.67,174.65,172.11,173.15,11461779.0,1985313500.0,173.15,0.0
2021-11-11,173.98,174.27,173.74,174.12,5959640.0,1037027600.0,174.12,0.0
2021-11-12,173.51,174.67,173.4,174.45,7894848.0,1375160000.0,174.45,0.0
2021-11-15,174.1,174.59,173.69,174.18,5630808.0,980671740.0,174.18,0.0
2021-11-16,173.97,174.48,172.86,172.92,8667323.0,1503596200.0,172.92,0.0
2021-11-17,174.24,174.605,173.89,174.5,6523061.0,1137265000.0,174.5,0.0
2021-11-18,173.96,174.36,173.53,173.94,6253445.0,1087416300.0,173.94,0.0
2021-11-19,173.69,174.1,172.235,172.61,8787253.0,1520867000.0,172.61,0.0
2021-11-22,169.9,170.44,168.42,168.74,13100511.0,2219306000.0,168.74,0.0
2021-11-23,167.28,167.6,166.53,167.28,8053370.0,1345952900.0,167.28,0.0
2021-11-24,166.5825,167.44,166.32,167.12,5359457.0,894224000.0,167.12,0.0
2021-11-26,168.6,168.64,166.37,166.85,9605192.0,1610845600.0,166.85,0.0
2021-11-29,166.84,167.255,166.38,166.62,7394940.0,1233550100.0,166.62,0.0
2021-11-30,167.77,169.01,165.37,165.5,12925270.0,2153645800.0,165.5,0.0
2021-12-01,166.84,167.47,166.06,166.16,7825484.0,1303767300.0,166.16,0.0
2021-12-02,165.89,165.9405,164.63,165.24,9604118.0,1585900900.0,165.24,0.0
2021-12-03,165.49,166.93,165.0,166.63,9507938.0,1579988600.0,166.63,0.0
2021-12-06,166.14,166.8,165.93,166.22,4813624.0,800611200.0,166.22,0.0
2021-12-07,166.2,167.08,166.18,166.81,4900713.0,816707100.0,166.81,0.0
2021-12-08,166.51,166.96,166.28,166.9,4288935.0,714967300.0,166.9,0.0
2021-12-09,166.54,166.58,165.65,165.88,4913771.0,815811650.0,165.88,0.0
2021-12-10,166.72,166.915,166.18,166.58,6450614.0,1074485100.0,166.58,0.0
2021-12-13,166.9,167.255,166.67,167.0,6610673.0,1103973500.0,167.0,0.0
2021-12-14,165.34,166.14,165.16,165.44,8637879.0,1430572800.0,165.44,0.0
2021-12-15,165.27,166.4,163.8,166.15,14231184.0,2352147200.0,166.15,0.0
2021-12-16,167.01,168.18,166.94,168.16,11186197.0,1877205000.0,168.16,0.0
2021-12-17,168.73,169.125,167.78,167.8,9867792.0,1661985200.0,167.8,0.0
2021-12-20,167.88,168.0,167.06,167.09,6972959.0,1167898800.0,167.09,0.0
2021-12-21,167.69,167.7754,166.74,167.02,4548504.0,760277200.0,167.02,0.0
2021-12-22,167.58,168.64,167.11,168.59,4672941.0,785267500.0,168.59,0.0
2021-12-23,168.69,169.16,168.01,168.97,4549575.0,767811140.0,168.97,0.0
2021-12-27,168.96,169.42,168.78,169.37,4763297.0,805717800.0,169.37,0.0
2021-12-28,169.33,169.65,168.62,168.64,4545714.0,768706560.0,168.64,0.0
2021-12-29,167.36,168.69,167.28,168.59,5889714.0,991006460.0,168.59,0.0
2021-12-30,168.43,169.81,168.37,169.8,5426311.0,918993500.0,169.8,0.0
2021-12-31,170.53,171.04,170.04,170.96,7039330.0,1201096700.0,170.96,0.0
2022-01-03,168.86,169.01,168.0,168.33,9014423.0,1518061200.0,168.33,0.0
2022-01-04,168.9,169.72,168.73,169.57,6965598.0,1179753900.0,169.57,0.0
2022-01-05,170.62,170.93,168.9,169.06,8715585.0,1480644500.0,169.06,0.0
2022-01-06,167.16,167.75,166.86,166.99,10902661.0,1822970100.0,166.99,0.0
2022-01-07,167.37,168.01,166.86,167.75,8191936.0,1372193300.0,167.75,0.0
2022-01-10,167.36,168.3,167.31,168.26,7026475.0,1179796700.0,168.26,0.0
2022-01-11,168.44,170.31,168.37,170.29,8368980.0,1420126200.0,170.29,0.0
2022-01-12,170.19,170.75,170.01,170.74,6280745.0,1070505100.0,170.74,0.0
2022-01-13,170.09,170.22,169.27,170.16,7034202.0,1195353100.0,170.16,0.0
2022-01-14,170.22,170.56,169.4796,169.67,7865900.0,1336489300.0,169.67,0.0
2022-01-18,169.6401,170.005,169.09,169.39,9323046.0,1580425200.0,169.39,0.0
2022-01-19,170.3919,172.1895,170.2,172.08,15784477.0,2708697000.0,172.08,0.0
2022-01-20,172.31,172.5999,171.585,171.65,9570477.0,1646699600.0,171.65,0.0
2022-01-21,172.04,172.12,170.74,171.09,10982517.0,1880882300.0,171.09,0.0
2022-01-24,171.78,172.14,170.85,172.03,15735970.0,2700891100.0,172.03,0.0
2022-01-25,171.95,173.1499,171.775,172.58,17382096.0,3000145000.0,172.58,0.0
2022-01-26,171.39,171.725,169.48,169.79,17799404.0,3022160600.0,169.79,0.0
2022-01-27,168.02,169.09,167.325,167.6,15875235.0,2665961700.0,167.6,0.0
2022-01-28,166.56,167.46,166.365,167.1,9782484.0,1631776900.0,167.1,0.0
2022-01-31,167.79,168.14,167.46,168.09,8539265.0,1433522600.0,168.09,0.0
2022-02-01,168.57,168.85,167.87,168.23,9763909.0,1643609300.0,168.23,0.0
2022-02-02,168.34,169.12,168.155,168.84,9085285.0,1533413400.0,168.84,0.0
2022-02-03,168.31,168.82,167.03,168.6,10650800.0,1792151700.0,168.6,0.0
2022-02-04,168.04,169.1,167.99,168.86,9619611.0,1622586600.0,168.86,0.0
2022-02-07,169.45,170.3,169.19,170.11,7796866.0,1323833700.0,170.11,0.0
2022-02-08,170.1,170.78,169.95,170.63,5801993.0,989231800.0,170.63,0.0
2022-02-09,170.68,171.42,170.55,171.21,8002766.0,1368993400.0,171.21,0.0
2022-02-10,170.5201,171.99,170.46,170.56,10693524.0,1830441500.0,170.56,0.0
2022-02-11,170.75,174.2,170.71,173.81,25741494.0,4449273300.0,173.81,0.0
2022-02-14,173.78,175.0,173.68,174.74,13650704.0,2379975200.0,174.74,0.0
2022-02-15,173.1,173.34,172.39,173.08,12607006.0,2179863800.0,173.08,0.0
2022-02-16,173.49,174.86,173.48,174.86,12772069.0,2226713900.0,174.86,0.0
2022-02-17,176.7,177.53,176.39,177.25,18612546.0,3295358700.0,177.25,0.0
2022-02-18,177.07,177.25,176.51,177.12,12760663.0,2258413600.0,177.12,0.0
2022-02-22,177.67,178.07,176.8175,177.49,14960494.0,2655753000.0,177.49,0.0
2022-02-23,177.39,178.39,177.36,178.29,11772197.0,2095943300.0,178.29,0.0
2022-02-24,182.59,182.6,175.27,177.14,32726000.0,5855496000.0,177.14,0.0
2022-02-25,176.42,176.79,175.79,176.55,11530929.0,2032838100.0,176.55,0.0
2022-02-28,178.86,178.99,176.5,178.38,16055844.0,2855945700.0,178.38,0.0
2022-03-01,179.0456,181.76,179.03,181.62,21942128.0,3961025800.0,181.62,0.0
2022-03-02,180.13,180.71,178.788,179.73,19727192.0,3544207400.0,179.73,0.0
2022-03-03,179.96,181.3,179.5,180.8,14826051.0,2674969600.0,180.8,0.0
2022-03-04,182.1137,183.98,181.36,183.68,22412092.0,4105627100.0,183.68,0.0
2022-03-07,184.45,186.64,184.22,186.41,27951784.0,5183017000.0,186.41,0.0
2022-03-08,188.35,193.3,188.26,191.51,47347680.0,9030069000.0,191.51,0.0
2022-03-09,186.04,187.225,184.76,185.82,26839672.0,4988244500.0,185.82,0.0
2022-03-10,186.8799,187.38,184.99,186.4,18455212.0,3442412000.0,186.4,0.0
2022-03-11,183.7399,185.78,183.44,185.09,14824715.0,2742016000.0,185.09,0.0
2022-03-14,183.03,183.29,181.95,182.3,13186389.0,2408276200.0,182.3,0.0
2022-03-15,179.1,180.27,178.01,178.89,16962272.0,3040231000.0,178.89,0.0
2022-03-16,179.13,180.115,176.87,180.01,17548090.0,3135145700.0,180.01,0.0
2022-03-17,181.16,182.03,180.65,180.89,10954139.0,1987347200.0,180.89,0.0
2022-03-18,179.93,180.93,179.035,179.3,13996452.0,2519289000.0,179.3,0.0
2022-03-21,179.33,181.29,179.32,180.67,10582224.0,1909244000.0,180.67,0.0
2022-03-22,179.6,179.71,178.3231,179.36,9621751.0,1723871500.0,179.36,0.0
2022-03-23,180.29,181.89,179.76,181.81,12557272.0,2269341200.0,181.81,0.0
2022-03-24,182.35,183.51,181.77,183.13,10970070.0,2007324000.0,183.13,0.0
2022-03-25,181.81,183.13,181.35,182.38,7914035.0,1443097700.0,182.38,0.0
2022-03-28,180.38,181.325,178.85,179.06,9489725.0,1709743700.0,179.06,0.0
2022-03-29,177.02,179.33,176.69,179.14,10458927.0,1865078800.0,179.14,0.0
2022-03-30,179.76,180.92,179.6801,180.58,8361286.0,1508808100.0,180.58,0.0
2022-03-31,180.91,181.96,180.56,180.65,9844398.0,1783029400.0,180.65,0.0
2022-04-01,179.5501,180.4599,178.98,179.5,13034395.0,2342468600.0,179.5,0.0
2022-04-04,180.2439,180.81,179.58,180.37,7063124.0,1273210500.0,180.37,0.0
2022-04-05,180.91,181.49,178.93,179.24,10828531.0,1948075900.0,179.24,0.0
2022-04-06,179.78,180.31,178.7,179.66,8942121.0,1606484100.0,179.66,0.0
2022-04-07,179.87,180.88,179.8,180.34,10140585.0,1829134200.0,180.34,0.0
2022-04-08,180.52,181.82,180.52,181.47,10655681.0,1931967900.0,181.47,0.0
2022-04-11,183.17,183.33,181.11,182.37,10071319.0,1834455800.0,182.37,0.0
2022-04-12,184.04,184.64,182.96,183.77,12024560.0,2210295800.0,183.77,0.0
2022-04-13,184.5,184.94,184.13,184.65,8651635.0,1596997100.0,184.65,0.0
2022-04-14,184.28,184.41,182.88,184.04,11567178.0,2126432300.0,184.04,0.0
2022-04-18,185.95,186.1,184.39,184.61,8886690.0,1646046100.0,184.61,0.0
2022-04-19,183.19,183.6506,181.33,181.82,12585622.0,2294667500.0,181.82,0.0
2022-04-20,181.59,182.72,181.35,182.71,7038625.0,1282388200.0,182.71,0.0
2022-04-21,181.77,182.32,180.775,182.06,9639834.0,1749374000.0,182.06,0.0
2022-04-22,180.7235,181.605,179.74,180.29,9146973.0,1651589800.0,180.29,0.0
2022-04-25,177.17,177.51,176.48,177.05,13073688.0,2314271500.0,177.05,0.0
2022-04-26,177.95,178.3,176.915,177.32,9042403.0,1605074000.0,177.32,0.0
2022-04-27,176.4561,176.64,175.5,175.98,8854721.0,1558985300.0,175.98,0.0
2022-04-28,175.92,176.965,175.69,176.93,6384762.0,1125908200.0,176.93,0.0
2022-04-29,178.0667,178.615,176.71,176.91,7719702.0,1372421100.0,176.91,0.0
2022-05-02,173.6121,174.65,172.98,173.63,14318600.0,2488514000.0,173.63,0.0
2022-05-03,173.89,175.205,173.85,174.09,7214348.0,1258206700.0,174.09,0.0
2022-05-04,174.32,176.35,173.67,175.8,10491681.0,1835984100.0,175.8,0.0
2022-05-05,177.56,177.61,174.66,175.13,12794160.0,2246103800.0,175.13,0.0
2022-05-06,175.39,176.56,174.86,175.42,7643269.0,1342827400.0,175.42,0.0
2022-05-09,174.27,174.27,172.79,172.88,10742410.0,1862170100.0,172.88,0.0
2022-05-10,173.8039,173.96,171.2,171.42,11010440.0,1896728200.0,171.42,0.0
2022-05-11,172.51,173.32,172.2,172.82,9179592.0,1585756700.0,172.82,0.0
2022-05-12,172.072,172.4,169.9,170.17,11626799.0,1984146000.0,170.17,0.0
2022-05-13,168.312,169.62,168.01,168.79,13031057.0,2199850800.0,168.79,0.0
2022-05-16,168.43,170.43,168.34,170.4,7319277.0,1240184200.0,170.4,0.0
2022-05-17,170.44,170.53,169.1409,169.33,6441110.0,1093625100.0,169.33,0.0
2022-05-18,169.01,170.21,168.81,169.42,7472850.0,1266439700.0,169.42,0.0
2022-05-19,171.5489,172.5197,170.89,171.91,10580267.0,1818805600.0,171.91,0.0
2022-05-20,171.71,172.24,170.89,172.03,6578056.0,1129620100.0,172.03,0.0
2022-05-23,173.13,173.38,172.28,172.83,5518503.0,954226370.0,172.83,0.0
2022-05-24,173.47,174.41,173.35,174.13,6793991.0,1182348800.0,174.13,0.0
2022-05-25,172.79,173.16,171.73,173.08,4595917.0,793023800.0,173.08,0.0
2022-05-26,172.13,172.93,171.76,172.76,6466982.0,1115781900.0,172.76,0.0
2022-05-27,173.4901,173.52,172.64,172.85,3847871.0,665604600.0,172.85,0.0
2022-05-31,172.71,173.07,171.08,171.14,6243967.0,1072847600.0,171.14,0.0
2022-06-01,172.2099,172.53,171.39,172.23,6946516.0,1195019300.0,172.23,0.0
2022-06-02,173.66,174.45,173.49,174.35,5623129.0,978229600.0,174.35,0.0
2022-06-03,173.5285,173.965,172.25,172.58,5519407.0,953734900.0,172.58,0.0
2022-06-06,172.81,172.89,171.65,171.82,3766042.0,647629300.0,171.82,0.0
2022-06-07,172.11,173.05,171.985,172.94,3860035.0,666669250.0,172.94,0.0
2022-06-08,172.89,173.45,172.67,172.78,5140816.0,889668540.0,172.78,0.0
2022-06-09,172.45,172.59,171.58,172.23,4701143.0,809145400.0,172.23,0.0
2022-06-10,170.89,174.94,170.46,174.54,16856138.0,2923722200.0,174.54,0.0
2022-06-13,171.18,171.335,169.61,169.93,13265243.0,2261791200.0,169.93,0.0
2022-06-14,169.61,169.7309,168.3,168.57,7347935.0,1241245300.0,168.57,0.0
2022-06-15,170.4,171.84,169.08,170.77,9000294.0,1534920200.0,170.77,0.0
2022-06-16,170.56,172.77,170.17,172.69,8823558.0,1516238800.0,172.69,0.0
2022-06-17,172.15,172.3,170.97,171.27,7407223.0,1270931100.0,171.27,0.0
2022-06-21,171.06,171.91,170.47,170.63,5608485.0,958985100.0,170.63,0.0
2022-06-22,171.61,172.3,171.1,171.31,6558656.0,1124966700.0,171.31,0.0
2022-06-23,171.39,172.13,169.9,170.26,6535261.0,1115899000.0,170.26,0.0
2022-06-24,170.24,170.7401,169.85,170.09,6143081.0,1046083650.0,170.09,0.0
2022-06-27,170.595,170.67,169.75,169.9,5719684.0,972789440.0,169.9,0.0
2022-06-28,170.0699,170.21,169.51,169.62,2984450.0,506630900.0,169.62,0.0
2022-06-29,170.58,170.7,169.17,169.49,4785576.0,811427500.0,169.49,0.0
2022-06-30,169.51,169.96,168.24,168.46,9144391.0,1542184300.0,168.46,0.0
2022-07-01,167.135,168.68,166.96,168.32,11380332.0,1911199000.0,168.32,0.0
2022-07-05,167.18,167.33,164.41,164.75,14035426.0,2318829600.0,164.75,0.0
2022-07-06,164.32,164.57,161.47,162.14,11861144.0,1928051500.0,162.14,0.0
2022-07-07,162.43,163.04,162.06,162.23,4588418.0,745133600.0,162.23,0.0
2022-07-08,162.35,163.38,161.84,162.3,4584112.0,744775700.0,162.3,0.0
2022-07-11,161.93,162.435,161.3757,161.43,4321463.0,699198000.0,161.43,0.0
2022-07-12,161.22,161.62,160.72,160.83,5375081.0,866043200.0,160.83,0.0
2022-07-13,160.1,162.705,160.06,161.6,8456636.0,1365623900.0,161.6,0.0
2022-07-14,159.02,159.83,158.22,159.33,12213614.0,1943980800.0,159.33,0.0
2022-07-15,159.01,159.25,158.35,159.01,6783785.0,1077907600.0,159.01,0.0
2022-07-18,160.08,160.43,159.05,159.16,5791779.0,924183300.0,159.16,0.0
2022-07-19,159.47,159.87,159.33,159.54,3796198.0,605658430.0,159.54,0.0
2022-07-20,159.71,159.815,158.025,158.04,4795846.0,761608900.0,158.04,0.0
2022-07-21,158.31,160.31,158.2699,160.27,5863333.0,934814800.0,160.27,0.0
2022-07-22,160.55,162.13,160.35,160.67,5733753.0,923942140.0,160.67,0.0
2022-07-25,160.64,160.7,159.81,160.23,3713368.0,595021200.0,160.23,0.0
2022-07-26,160.23,160.5,159.79,160.04,2672614.0,428057820.0,160.04,0.0
2022-07-27,160.02,162.21,159.51,161.67,5709082.0,919562500.0,161.67,0.0
2022-07-28,163.31,163.76,162.88,163.64,5606178.0,915739840.0,163.64,0.0
2022-07-29,163.89,164.69,163.28,164.1,7535338.0,1237074200.0,164.1,0.0
2022-08-01,164.98,165.41,164.41,165.03,4663220.0,769293200.0,165.03,0.0
2022-08-02,165.66,166.46,164.02,164.05,5724095.0,944075100.0,164.05,0.0
2022-08-03,164.77,164.91,163.475,164.45,4417759.0,725075500.0,164.45,0.0
2022-08-04,165.53,167.31,165.34,167.17,5502000.0,917396540.0,167.17,0.0
2022-08-05,164.99,165.84,164.87,165.29,6023291.0,995913540.0,165.29,0.0
2022-08-08,166.03,166.8103,165.93,166.69,3457314.0,575581300.0,166.69,0.0
2022-08-09,167.48,167.8,166.82,167.2,3205505.0,536222700.0,167.2,0.0
2022-08-10,167.3925,167.98,166.6201,166.78,4077274.0,682175500.0,166.78,0.0
2022-08-11,167.16,167.66,166.31,166.34,4445977.0,741550500.0,166.34,0.0
2022-08-12,167.17,167.94,166.83,167.87,5151653.0,862547200.0,167.87,0.0
2022-08-15,165.99,166.25,165.44,165.71,5236292.0,868168060.0,165.71,0.0
2022-08-16,165.31,165.72,165.18,165.42,4291529.0,710121300.0,165.42,0.0
2022-08-17,165.21,165.228,163.95,164.35,5569071.0,916172000.0,164.35,0.0
2022-08-18,164.6,164.9125,163.545,163.92,3646087.0,598390000.0,163.92,0.0
2022-08-19,163.65,163.74,162.615,162.72,8172954.0,1331807700.0,162.72,0.0
2022-08-22,161.66,162.12,161.36,161.64,4458113.0,721054000.0,161.64,0.0
2022-08-23,161.96,163.43,161.91,162.77,4425075.0,720557950.0,162.77,0.0
2022-08-24,162.44,163.61,162.37,163.25,3202411.0,522325100.0,163.25,0.0
2022-08-25,163.97,163.985,163.24,163.75,2857488.0,467683520.0,163.75,0.0
2022-08-26,163.12,163.61,161.55,161.76,6689259.0,1085508400.0,161.76,0.0
2022-08-29,161.88,162.62,161.7,161.86,4702256.0,761664800.0,161.86,0.0
2022-08-30,161.27,161.43,160.34,160.51,4856576.0,780749060.0,160.51,0.0
2022-08-31,159.5,160.575,159.255,159.27,5438641.0,868833540.0,159.27,0.0
2022-09-01,158.17,158.39,157.32,157.87,7390755.0,1167332000.0,157.87,0.0
2022-09-02,159.3499,160.06,159.14,159.26,5196908.0,829130600.0,159.26,0.0
2022-09-06,159.17,159.46,158.32,158.33,4863819.0,771467970.0,158.33,0.0
2022-09-07,158.15,160.15,158.08,159.94,3981410.0,634714430.0,159.94,0.0
2022-09-08,159.54,159.86,158.7115,158.98,4607118.0,733213600.0,158.98,0.0
2022-09-09,159.72,160.24,159.41,159.82,3927788.0,627811000.0,159.82,0.0
2022-09-12,161.04,161.62,160.55,160.63,4537530.0,730365300.0,160.63,0.0
2022-09-13,158.47,159.2675,158.39,158.54,6526388.0,1036272500.0,158.54,0.0
2022-09-14,158.68,158.98,157.73,157.93,6091085.0,964114500.0,157.93,0.0
2022-09-15,156.76,157.485,154.62,154.98,13181203.0,2049845200.0,154.98,0.0
2022-09-16,154.66,156.56,154.34,155.84,7141210.0,1112428900.0,155.84,0.0
2022-09-19,154.87,156.04,154.815,155.96,5582767.0,868791800.0,155.96,0.0
2022-09-20,155.03,155.23,154.59,155.07,5943724.0,921256700.0,155.07,0.0
2022-09-21,155.97,157.25,154.01,155.79,7816071.0,1217882000.0,155.79,0.0
2022-09-22,156.26,156.48,155.31,155.7,5975237.0,930820400.0,155.7,0.0
2022-09-23,153.9,154.0,152.64,153.01,9597991.0,1470748300.0,153.01,0.0
2022-09-26,153.22,153.51,151.0301,151.23,8240501.0,1253359700.0,151.23,0.0
2022-09-27,152.25,152.73,151.5,151.54,7151310.0,1087332400.0,151.54,0.0
2022-09-28,153.2,154.88,152.93,154.69,8850411.0,1363677800.0,154.69,0.0
2022-09-29,154.14,155.03,153.16,154.66,6317021.0,974158140.0,154.66,0.0
2022-09-30,154.94,156.045,154.57,154.67,6832430.0,1060226240.0,154.67,0.0
2022-10-03,155.438,158.48,155.23,158.43,10362232.0,1629266400.0,158.43,0.0
2022-10-04,159.18,161.08,158.92,160.7,8024496.0,1286513000.0,160.7,0.0
2022-10-05,159.32,160.08,158.38,159.81,5296309.0,843585900.0,159.81,0.0
2022-10-06,159.41,159.94,158.9511,159.63,5712627.0,911147970.0,159.63,0.0
2022-10-07,158.46,158.98,157.68,157.88,5030041.0,796073860.0,157.88,0.0
2022-10-10,155.94,156.35,155.12,155.48,6110794.0,950483100.0,155.48,0.0
2022-10-11,155.49,156.81,154.92,155.16,5306673.0,826171100.0,155.16,0.0
2022-10-12,155.51,156.29,155.26,155.99,3998472.0,622596900.0,155.99,0.0
2022-10-13,153.48,155.73,152.92,154.91,7083767.0,1093072900.0,154.91,0.0
2022-10-14,154.02,154.1996,152.72,152.98,5474648.0,838834100.0,152.98,0.0
2022-10-17,154.92,155.33,153.325,153.42,4345583.0,670954430.0,153.42,0.0
2022-10-18,154.08,154.2393,153.24,153.75,4528441.0,696071360.0,153.75,0.0
2022-10-19,152.09,152.49,151.54,151.69,8257060.0,1253716200.0,151.69,0.0
2022-10-20,151.92,153.23,151.27,151.45,5019849.0,763387000.0,151.45,0.0
2022-10-21,151.98,154.31,151.83,154.15,6898351.0,1057092400.0,154.15,0.0
2022-10-24,153.45,154.06,153.06,153.65,4673274.0,717707700.0,153.65,0.0
2022-10-25,153.9599,154.79,153.83,154.0,3434053.0,529354700.0,154.0,0.0
2022-10-26,154.78,155.73,154.78,154.98,4451056.0,690813950.0,154.98,0.0
2022-10-27,154.7148,155.09,154.22,154.74,3654871.0,565334500.0,154.74,0.0
2022-10-28,152.96,153.54,152.5,153.16,4645440.0,710674000.0,153.16,0.0
2022-10-31,152.16,152.8721,151.89,151.91,6097760.0,928894140.0,151.91,0.0
2022-11-01,153.82,153.98,152.87,153.46,4603597.0,706159300.0,153.46,0.0
2022-11-02,154.16,155.42,152.26,152.39,7220403.0,1109241600.0,152.39,0.0
2022-11-03,150.699,151.955,150.5703,151.81,5378810.0,814461440.0,151.81,0.0
2022-11-04,154.95,156.6,154.66,156.47,7691954.0,1198079200.0,156.47,0.0
2022-11-07,156.22,156.569,155.81,155.85,4425710.0,690960600.0,155.85,0.0
2022-11-08,155.99,159.87,155.975,159.45,11299635.0,1793955500.0,159.45,0.0
2022-11-09,159.359,160.35,158.45,158.65,6040627.0,961750850.0,158.65,0.0
2022-11-10,162.01,163.51,161.655,163.48,9939858.0,1617284600.0,163.48,0.0
2022-11-11,163.914,164.58,163.42,164.56,4622422.0,758809500.0,164.56,0.0
2022-11-14,164.2,165.24,164.15,164.92,6187552.0,1019496100.0,164.92,0.0
2022-11-15,165.27,166.23,164.56,165.5,9903495.0,1635375900.0,165.5,0.0
2022-11-16,165.41,165.71,164.8301,165.12,3645845.0,602595400.0,165.12,0.0
2022-11-17,163.79,164.1099,163.4,163.92,4578129.0,750176100.0,163.92,0.0
2022-11-18,163.38,163.69,162.68,162.79,4321075.0,704719100.0,162.79,0.0
2022-11-21,162.44,162.5,161.28,161.88,4766412.0,771310900.0,161.88,0.0
2022-11-22,162.3,162.6,161.72,162.07,3203837.0,519339970.0,162.07,0.0
2022-11-23,161.69,163.24,161.56,163.08,4167005.0,676813600.0,163.08,0.0
2022-11-25,162.85,163.43,162.765,163.22,1436508.0,234234990.0,163.22,0.0
2022-11-28,162.93,163.06,161.91,161.93,4053918.0,658140000.0,161.93,0.0
2022-11-29,162.7,163.6299,162.6,162.73,2620637.0,427282800.0,162.73,0.0
2022-11-30,163.69,164.81,162.4,164.81,4874746.0,798921300.0,164.81,0.0
2022-12-01,167.48,167.95,166.975,167.84,8625780.0,1444712600.0,167.84,0.0
2022-12-02,166.18,167.47,165.76,167.26,5185941.0,864754300.0,167.26,0.0
2022-12-05,166.55,166.72,164.3201,164.39,5436175.0,897088300.0,164.39,0.0
2022-12-06,165.2,165.54,164.45,164.84,3597758.0,593276600.0,164.84,0.0
2022-12-07,165.4699,166.64,165.318,166.33,4610697.0,765384300.0,166.33,0.0
2022-12-08,166.58,167.045,166.07,166.47,3217874.0,535867460.0,166.47,0.0
2022-12-09,167.26,168.085,166.6,167.06,5431272.0,910157440.0,167.06,0.0
2022-12-12,166.438,166.6,165.43,165.68,3504409.0,581303230.0,165.68,0.0
2022-12-13,169.21,169.79,168.02,168.51,6750199.0,1139037400.0,168.51,0.0
2022-12-14,168.43,168.81,167.14,168.1,5642965.0,948694850.0,168.1,0.0
2022-12-15,165.73,166.21,165.1,165.35,8370909.0,1385906400.0,165.35,0.0
2022-12-16,166.02,166.98,165.84,166.79,5371967.0,895060000.0,166.79,0.0
2022-12-19,166.71,167.11,165.99,166.32,3940525.0,655892200.0,166.32,0.0
2022-12-20,168.1,169.53,168.03,169.08,7803118.0,1318389900.0,169.08,0.0
2022-12-21,169.04,169.71,168.675,168.8,3990060.0,674601100.0,168.8,0.0
2022-12-22,167.76,167.7632,166.06,166.76,5672656.0,947206700.0,166.76,0.0
2022-12-23,166.8801,167.795,166.66,167.26,2912300.0,487223680.0,167.26,0.0
2022-12-27,167.89,170.61,167.8,168.67,6885715.0,1164454100.0,168.67,0.0
2022-12-28,168.05,168.34,167.1,167.91,3662456.0,614510700.0,167.91,0.0
2022-12-29,168.54,169.35,168.52,168.85,3345874.0,565189700.0,168.85,0.0
2022-12-30,169.26,169.8999,168.795,169.64,2864455.0,485220400.0,169.64,0.0
2023-01-03,171.32,172.09,170.02,171.06,7992927.0,1367353600.0,171.06,0.0
2023-01-04,172.86,173.09,171.845,172.67,7574633.0,1306884100.0,172.67,0.0
2023-01-05,170.824,171.0,169.79,170.52,4692610.0,800393000.0,170.52,0.0
2023-01-06,171.76,173.96,171.23,173.71,7888954.0,1366432300.0,173.71,0.0
2023-01-09,174.51,175.035,173.881,174.1,5134503.0,894978100.0,174.1,0.0
2023-01-10,174.61,174.98,174.06,174.74,4398411.0,767882500.0,174.74,0.0
2023-01-11,174.76,174.79,173.72,174.62,3374201.0,588595840.0,174.62,0.0
2023-01-12,176.01,176.71,174.88,176.64,6936919.0,1222066000.0,176.64,0.0
2023-01-13,176.96,178.825,176.8934,178.76,7468768.0,1330515200.0,178.76,0.0
2023-01-17,178.21,178.24,177.09,177.59,6610834.0,1174205300.0,177.59,0.0
2023-01-18,178.92,179.18,176.9,177.08,5384664.0,957522000.0,177.08,0.0
2023-01-19,178.37,180.03,178.09,179.89,6678687.0,1195795700.0,179.89,0.0
2023-01-20,179.06,179.66,178.645,179.29,5754818.0,1031651100.0,179.29,0.0
2023-01-23,178.35,179.69,177.78,179.63,5265507.0,941735360.0,179.63,0.0
2023-01-24,179.56,180.32,178.35,180.28,4604628.0,827856260.0,180.28,0.0
2023-01-25,179.35,181.22,179.2925,181.11,6925348.0,1247682800.0,181.11,0.0
2023-01-26,180.146,180.265,178.46,179.47,5860129.0,1051795900.0,179.47,0.0
2023-01-27,179.27,179.72,178.262,179.22,6052728.0,1084919400.0,179.22,0.0
2023-01-30,179.286,179.43,178.65,178.76,4210726.0,753627600.0,178.76,0.0
2023-01-31,178.82,179.699,178.54,179.41,5976888.0,1071287740.0,179.41,0.0
2023-02-01,179.75,181.73,178.63,181.67,7996005.0,1441833000.0,181.67,0.0
2023-02-02,181.08,181.11,177.74,177.9,8842396.0,1579909100.0,177.9,0.0
2023-02-03,174.92,175.43,173.12,173.46,13674441.0,2380405500.0,173.46,0.0
2023-02-06,174.11,174.455,173.28,173.82,8956963.0,1556379500.0,173.82,0.0
2023-02-07,173.72,175.27,173.47,173.98,6794153.0,1183899600.0,173.98,0.0
2023-02-08,174.942,174.99,173.83,174.41,4075638.0,710792600.0,174.41,0.0
2023-02-09,175.49,175.52,172.87,173.03,5361340.0,931738800.0,173.03,0.0
2023-02-10,173.63,173.68,172.63,173.36,2971125.0,514667260.0,173.36,0.0
2023-02-13,172.7,172.9014,172.07,172.48,3970786.0,684799800.0,172.48,0.0
2023-02-14,171.97,173.51,171.41,172.61,5403099.0,931362370.0,172.61,0.0
2023-02-15,170.6,170.99,170.16,170.89,5435337.0,927530430.0,170.89,0.0
2023-02-16,170.34,171.6,169.96,170.75,4540398.0,775872500.0,170.75,0.0
2023-02-17,169.87,171.47,169.52,171.26,4809799.0,821709760.0,171.26,0.0
2023-02-21,171.2,171.5,170.34,170.62,4035933.0,689163000.0,170.62,0.0
2023-02-22,170.81,170.96,169.56,169.66,4105675.0,698879100.0,169.66,0.0
2023-02-23,169.84,170.125,169.08,169.57,5073479.0,859909600.0,169.57,0.0
2023-02-24,168.42,168.84,168.19,168.35,6496496.0,1094495700.0,168.35,0.0
2023-02-27,168.88,169.23,168.55,169.01,4509151.0,761749570.0,169.01,0.0
2023-02-28,168.781,170.25,168.59,169.78,6761585.0,1147061800.0,169.78,0.0
2023-03-01,170.95,171.49,170.47,170.76,6590468.0,1126757200.0,170.76,0.0
2023-03-02,170.52,170.975,170.36,170.66,3952266.0,674639800.0,170.66,0.0
2023-03-03,171.45,172.595,170.98,172.49,6894466.0,1185586000.0,172.49,0.0
2023-03-06,172.32,172.37,171.54,171.62,4264124.0,732914560.0,171.62,0.0
2023-03-07,170.42,170.47,168.52,168.62,8713268.0,1473697300.0,168.62,0.0
2023-03-08,168.61,169.59,168.52,168.54,5718595.0,965571460.0,168.54,0.0
2023-03-09,169.751,170.65,169.71,170.2,5582980.0,949980300.0,170.2,0.0
2023-03-10,171.93,173.88,171.92,173.87,13803437.0,2388739300.0,173.87,0.0
2023-03-13,176.66,178.02,176.3,177.86,20554416.0,3643622000.0,177.86,0.0
2023-03-14,177.35,177.59,176.21,176.83,10019032.0,1774679000.0,176.83,0.0
2023-03-15,178.86,180.13,177.49,178.21,14546095.0,2600610800.0,178.21,0.0
2023-03-16,179.51,179.654,177.87,178.57,10764872.0,1922883000.0,178.57,0.0
2023-03-17,181.02,184.81,180.77,183.77,24156266.0,4417400000.0,183.77,0.0
2023-03-20,184.19,184.54,182.74,183.84,11845678.0,2176608500.0,183.84,0.0
2023-03-21,182.65,182.73,179.9,180.37,10734493.0,1942600400.0,180.37,0.0
2023-03-22,180.4,183.94,180.28,183.44,11969561.0,2180485000.0,183.44,0.0
2023-03-23,183.91,186.24,183.5996,185.74,11347149.0,2100295300.0,185.74,0.0
2023-03-24,185.606,185.99,183.62,183.65,9253075.0,1709275500.0,183.65,0.0
2023-03-27,181.15,182.15,180.69,181.95,6925046.0,1257700100.0,181.95,0.0
2023-03-28,182.31,183.62,182.12,183.44,6202597.0,1135745800.0,183.44,0.0
2023-03-29,182.49,183.27,182.24,182.53,4996493.0,912683500.0,182.53,0.0
2023-03-30,182.75,184.4401,182.55,184.18,6360296.0,1168822900.0,184.18,0.0
2023-03-31,184.11,184.42,182.8,183.22,8003334.0,1468516600.0,183.22,0.0
2023-04-03,183.85,185.035,183.32,184.54,9206635.0,1697921500.0,184.54,0.0
2023-04-04,184.7224,188.23,184.66,187.98,13765361.0,2579154200.0,187.98,0.0
2023-04-05,188.34,188.86,186.78,187.83,11440827.0,2149957000.0,187.83,0.0
2023-04-06,186.8901,187.26,185.95,186.49,6648428.0,1241245000.0,186.49,0.0
2023-04-10,185.18,185.36,184.19,185.11,6408114.0,1185019600.0,185.11,0.0
2023-04-11,185.905,186.51,185.635,186.28,6031494.0,1122981500.0,186.28,0.0
2023-04-12,187.54,187.66,185.97,187.19,10000948.0,1869649700.0,187.19,0.0
2023-04-13,189.76,190.41,188.99,189.72,14060106.0,2666792400.0,189.72,0.0
2023-04-14,188.08,188.4869,185.17,186.36,13272541.0,2474555600.0,186.36,0.0
2023-04-17,185.89,185.93,184.1,185.53,7468062.0,1382671000.0,185.53,0.0
2023-04-18,185.24,186.99,185.04,186.25,8056928.0,1501413900.0,186.25,0.0
2023-04-19,184.3499,185.58,184.28,185.36,7373518.0,1364929000.0,185.36,0.0
2023-04-20,186.14,187.03,185.78,186.09,5789908.0,1078808600.0,186.09,0.0
2023-04-21,184.98,185.68,183.22,184.25,10698705.0,1968300700.0,184.25,0.0
2023-04-24,184.07,185.025,183.46,184.81,8303396.0,1531891500.0,184.81,0.0
2023-04-25,184.84,186.2204,184.3,185.75,8451933.0,1565525800.0,185.75,0.0
2023-04-26,186.63,186.65,184.3,184.74,8203595.0,1519662000.0,184.74,0.0
2023-04-27,183.9,184.989,183.38,184.75,9107425.0,1678665000.0,184.75,0.0
2023-04-28,184.79,185.38,184.17,184.8,6700418.0,1238128100.0,184.8,0.0
2023-05-01,186.05,186.22,183.91,183.97,7997658.0,1476350000.0,183.97,0.0
2023-05-02,184.65,187.64,184.515,187.52,13554921.0,2529504300.0,187.52,0.0
2023-05-03,187.61,189.205,186.93,189.11,11133826.0,2094361300.0,189.11,0.0
2023-05-04,188.86,191.36,188.81,190.44,14146787.0,2693159200.0,190.44,0.0
2023-05-05,186.56,187.58,185.77,187.46,12508113.0,2337666600.0,187.46,0.0
2023-05-08,187.82,188.67,187.49,187.69,6075441.0,1142489300.0,187.69,0.0
2023-05-09,188.12,189.33,188.07,189.02,7098810.0,1339528700.0,189.02,0.0
2023-05-10,188.975,189.64,187.82,188.75,9392097.0,1772766600.0,188.75,0.0
2023-05-11,188.44,188.81,186.86,187.13,8245523.0,1545475700.0,187.13,0.0
2023-05-12,187.43,187.92,186.58,186.81,7087462.0,1325826300.0,186.81,0.0
2023-05-15,187.3,187.88,187.032,187.21,5518086.0,1033988350.0,187.21,0.0
2023-05-16,186.58,186.82,184.4601,184.87,9527806.0,1766575200.0,184.87,0.0
2023-05-17,184.305,184.45,183.48,184.23,7474277.0,1376403100.0,184.23,0.0
2023-05-18,182.1,182.28,181.335,181.84,8812591.0,1602367000.0,181.84,0.0
2023-05-19,182.25,184.34,181.81,183.64,8434976.0,1546239900.0,183.64,0.0
2023-05-22,183.22,183.84,182.91,183.21,4834298.0,886202240.0,183.21,0.0
2023-05-23,182.78,183.76,182.48,183.43,6345012.0,1162540000.0,183.43,0.0
2023-05-24,183.54,183.54,181.77,181.95,6732940.0,1228574300.0,181.95,0.0
2023-05-25,181.18,181.31,180.1,180.2,6919174.0,1249871200.0,180.2,0.0
2023-05-26,181.01,181.3,180.09,180.92,5823674.0,1052311700.0,180.92,0.0
2023-05-30,181.72,182.4,181.17,182.04,4906066.0,892472770.0,182.04,0.0
2023-05-31,182.39,183.445,182.1,182.32,8497893.0,1552520100.0,182.32,0.0
2023-06-01,182.81,184.21,182.72,183.76,7300542.0,1340622600.0,183.76,0.0
2023-06-02,183.53,183.56,180.96,181.05,8726111.0,1586609400.0,181.05,0.0
2023-06-05,180.79,182.44,180.6,182.14,6403343.0,1164603500.0,182.14,0.0
2023-06-06,182.36,182.65,181.52,182.34,4967156.0,905168830.0,182.34,0.0
2023-06-07,181.94,183.0,180.15,180.15,9066528.0,1641638100.0,180.15,0.0
2023-06-08,182.0,183.04,181.96,182.53,6394890.0,1167368600.0,182.53,0.0
2023-06-09,182.36,182.79,181.72,182.04,4380811.0,798242900.0,182.04,0.0
2023-06-12,181.8,181.94,181.04,181.88,4875450.0,885399740.0,181.88,0.0
2023-06-13,182.1,182.43,180.165,180.54,5126686.0,927078100.0,180.54,0.0
2023-06-14,181.69,181.96,180.14,180.64,6807003.0,1233290800.0,180.64,0.0
2023-06-15,180.28,182.05,180.18,181.91,6739009.0,1223747500.0,181.91,0.0
2023-06-16,181.925,182.618,181.41,181.63,8779096.0,1596131800.0,181.63,0.0
2023-06-20,180.06,180.09,179.22,179.75,7586229.0,1363391000.0,179.75,0.0
2023-06-21,179.15,179.95,178.19,179.49,6702339.0,1201846700.0,179.49,0.0
2023-06-22,178.36,178.99,177.63,177.71,7948565.0,1414566400.0,177.71,0.0
2023-06-23,179.6,179.95,178.09,178.2,5419784.0,969276350.0,178.2,0.0
2023-06-26,179.05,179.075,178.42,178.51,3222050.0,575744600.0,178.51,0.0
2023-06-27,179.07,179.29,177.43,177.69,5036916.0,896343900.0,177.69,0.0
2023-06-28,177.23,177.685,176.7,177.28,5866741.0,1040463000.0,177.28,0.0
2023-06-29,175.83,177.63,175.79,177.09,6862511.0,1214340500.0,177.09,0.0
2023-06-30,177.69,178.53,177.32,178.27,6420904.0,1143173900.0,178.27,0.0
2023-07-03,178.61,179.34,178.46,178.47,4085711.0,730495700.0,178.47,0.0
2023-07-05,179.41,179.42,177.825,177.84,5652091.0,1008248260.0,177.84,0.0
2023-07-06,177.51,177.8,176.66,177.31,5132954.0,909958300.0,177.31,0.0
2023-07-07,178.38,179.65,178.35,178.64,5201148.0,930489000.0,178.64,0.0
2023-07-10,178.37,178.92,178.2601,178.78,3320497.0,593320700.0,178.78,0.0
2023-07-11,179.43,179.71,179.13,179.45,2819610.0,505845100.0,179.45,0.0
2023-07-12,181.18,181.95,181.1,181.88,7062010.0,1282678500.0,181.88,0.0
2023-07-13,181.96,182.15,181.49,182.01,4527900.0,823675260.0,182.01,0.0
2023-07-14,181.59,182.17,181.1101,181.43,5389968.0,979252100.0,181.43,0.0
2023-07-17,180.99,181.6307,180.64,181.56,4152919.0,753024700.0,181.56,0.0
2023-07-18,182.79,184.23,182.32,183.64,8242597.0,1512618800.0,183.64,0.0
2023-07-19,183.45,183.835,182.87,183.67,3911565.0,717759700.0,183.67,0.0
2023-07-20,183.73,183.77,182.47,182.74,4972856.0,909578100.0,182.74,0.0
2023-07-21,182.06,182.46,181.68,182.18,3845361.0,700399040.0,182.18,0.0
2023-07-24,182.22,182.54,181.34,181.4,4370026.0,794441000.0,181.4,0.0
2023-07-25,181.72,182.47,181.1,182.41,4090149.0,745061950.0,182.41,0.0
2023-07-26,182.66,183.64,182.31,183.3,6158432.0,1126752300.0,183.3,0.0
2023-07-27,181.64,181.64,180.32,180.42,7592752.0,1371812100.0,180.42,0.0
2023-07-28,181.48,182.27,181.25,181.86,3829197.0,696463550.0,181.86,0.0
2023-07-31,182.43,183.09,182.31,182.35,5496890.0,1004368640.0,182.35,0.0
2023-08-01,180.85,181.375,180.19,180.46,6289869.0,1135507600.0,180.46,0.0
2023-08-02,180.57,180.79,179.41,179.6,6348266.0,1141751600.0,179.6,0.0
2023-08-03,179.44,179.95,179.28,179.54,4638874.0,833057800.0,179.54,0.0
2023-08-04,180.25,180.77,179.85,180.19,5326191.0,960192400.0,180.19,0.0
2023-08-07,180.15,180.15,179.27,179.78,4510408.0,810271360.0,179.78,0.0
2023-08-08,178.64,179.33,178.46,178.64,6162879.0,1101752700.0,178.64,0.0
2023-08-09,178.68,178.92,177.78,177.79,4643998.0,827244160.0,177.79,0.0
2023-08-10,178.22,178.7,177.54,177.6,5934598.0,1055739460.0,177.6,0.0
2023-08-11,177.7,178.36,177.49,177.6,5289694.0,940618700.0,177.6,0.0
2023-08-14,176.86,177.58,176.5787,177.06,9554477.0,1691468300.0,177.06,0.0
2023-08-15,176.75,177.43,176.33,176.59,7582703.0,1340929000.0,176.59,0.0
2023-08-16,176.62,176.945,175.56,175.57,6559418.0,1155677600.0,175.57,0.0
2023-08-17,176.53,176.56,174.93,175.3,7937672.0,1392352600.0,175.3,0.0
2023-08-18,175.83,176.055,175.1,175.33,6253027.0,1097306800.0,175.33,0.0
2023-08-21,175.9,175.94,174.96,175.81,4206360.0,738310850.0,175.81,0.0
2023-08-22,175.83,176.25,175.31,176.1,5892540.0,1036605630.0,176.1,0.0
2023-08-23,177.32,178.22,177.07,177.89,7949056.0,1413695900.0,177.89,0.0
2023-08-24,177.66,178.49,177.41,177.85,5526428.0,983616900.0,177.85,0.0
2023-08-25,177.58,178.38,176.63,177.62,6132927.0,1088003300.0,177.62,0.0
2023-08-28,177.65,178.73,177.51,178.13,4740683.0,844628030.0,178.13,0.0
2023-08-29,178.03,179.88,177.9,179.87,7576640.0,1359708400.0,179.87,0.0
2023-08-30,180.58,180.88,180.29,180.32,6593692.0,1190380300.0,180.32,0.0
2023-08-31,180.37,180.49,179.94,180.02,4795626.0,864065800.0,180.02,0.0
2023-09-01,180.8,181.12,179.51,180.11,4970732.0,895237760.0,180.11,0.0
2023-09-05,179.33,179.4438,178.64,178.64,7056834.0,1262075900.0,178.64,0.0
2023-09-06,178.33,179.01,177.7,177.83,6427224.0,1144184700.0,177.83,0.0
2023-09-07,178.31,178.3701,177.9,178.02,3257213.0,580079360.0,178.02,0.0
2023-09-08,178.36,179.045,177.9,178.08,3293699.0,587591600.0,178.08,0.0
2023-09-11,178.97,179.07,178.261,178.41,3689085.0,658616060.0,178.41,0.0
2023-09-12,177.11,177.7,177.05,177.49,4445435.0,788694850.0,177.49,0.0
2023-09-13,177.53,177.75,177.035,177.08,3874788.0,686952260.0,177.08,0.0
2023-09-14,176.5,177.39,176.36,177.17,6184382.0,1094268900.0,177.17,0.0
2023-09-15,178.55,179.105,178.34,178.34,5620888.0,1004285760.0,178.34,0.0
2023-09-18,178.82,179.41,178.38,179.39,5049308.0,904261400.0,179.39,0.0
2023-09-19,179.54,179.65,179.03,179.22,4225102.0,757663500.0,179.22,0.0
2023-09-20,179.34,180.66,179.32,179.35,9330262.0,1680464100.0,179.35,0.0
2023-09-21,177.86,178.485,177.69,178.05,7573300.0,1348451100.0,178.05,0.0
2023-09-22,178.65,178.95,178.51,178.62,3637075.0,649947840.0,178.62,0.0
2023-09-25,178.41,178.71,177.64,177.7,5582074.0,993209500.0,177.7,0.0
2023-09-26,176.825,177.14,176.16,176.28,7181080.0,1267519500.0,176.28,0.0
2023-09-27,175.27,175.32,173.7,174.1,10919579.0,1904107000.0,174.1,0.0
2023-09-28,173.91,174.135,172.32,173.23,10061917.0,1742102100.0,173.23,0.0
2023-09-29,173.92,174.03,171.265,171.45,10427383.0,1795028100.0,171.45,0.0
2023-10-02,170.23,170.46,169.5,169.65,12706027.0,2158684200.0,169.65,0.0
2023-10-03,169.14,170.08,168.745,169.16,11459840.0,1940216200.0,169.16,0.0
2023-10-04,169.21,169.41,168.5,169.14,10034600.0,1694629200.0,169.14,0.0
2023-10-05,168.74,169.0,168.3,168.83,6970219.0,1175731700.0,168.83,0.0
2023-10-06,169.17,170.23,168.5,169.7,9948433.0,1687866100.0,169.7,0.0
2023-10-09,171.18,172.86,171.075,172.82,10201547.0,1754028500.0,172.82,0.0
2023-10-10,172.08,172.795,171.9,172.53,5843995.0,1007651400.0,172.53,0.0
2023-10-11,173.6,174.125,173.26,173.79,7128002.0,1238103300.0,173.79,0.0
2023-10-12,174.06,174.23,173.24,173.26,5912663.0,1026197600.0,173.26,0.0
2023-10-13,176.8921,179.095,176.72,178.83,18802884.0,3352120000.0,178.83,0.0
2023-10-16,177.84,178.33,177.535,177.96,8385428.0,1492675000.0,177.96,0.0
2023-10-17,178.37,179.13,177.98,178.29,8231866.0,1469064600.0,178.29,0.0
2023-10-18,180.894,182.02,179.75,180.87,13920793.0,2519432400.0,180.87,0.0
2023-10-19,181.04,183.43,180.82,183.09,13406560.0,2442488800.0,183.09,0.0
2023-10-20,183.43,185.23,183.09,183.59,12785667.0,2354686500.0,183.59,0.0
2023-10-23,183.5099,183.56,182.705,182.97,9479805.0,1736663300.0,182.97,0.0
2023-10-24,182.07,183.4,181.68,182.95,6593963.0,1203736600.0,182.95,0.0
2023-10-25,183.42,184.2993,182.04,183.72,10087016.0,1851201400.0,183.72,0.0
2023-10-26,183.4,184.49,182.87,184.01,7671406.0,1410091100.0,184.01,0.0
2023-10-27,183.76,186.36,183.47,186.15,14102828.0,2610284000.0,186.15,0.0
2023-10-30,185.54,185.7,184.73,185.1,8756405.0,1622185300.0,185.1,0.0
2023-10-31,185.08,186.21,183.495,184.09,10104569.0,1866558500.0,184.09,0.0
2023-11-01,183.91,185.0,182.67,183.51,9048562.0,1662565600.0,183.51,0.0
2023-11-02,184.13,184.28,183.5,184.12,7343699.0,1350859500.0,184.12,0.0
2023-11-03,184.48,185.47,184.35,184.79,8530399.0,1576575500.0,184.79,0.0
2023-11-06,184.14,184.23,183.34,183.35,8274666.0,1520720600.0,183.35,0.0
2023-11-07,182.25,182.65,181.75,182.59,6795795.0,1238499000.0,182.59,0.0
2023-11-08,182.01,182.065,180.5699,180.77,6738304.0,1220497500.0,180.77,0.0
2023-11-09,180.98,182.28,180.89,181.49,6486286.0,1178678800.0,181.49,0.0
2023-11-10,180.51,180.585,179.245,179.51,7611618.0,1368059600.0,179.51,0.0
2023-11-13,179.4,180.73,179.11,180.51,5385908.0,970150660.0,180.51,0.0
2023-11-14,181.7,182.75,181.62,182.12,6831639.0,1244439800.0,182.12,0.0
2023-11-15,182.03,182.18,181.31,181.64,4909399.0,892369150.0,181.64,0.0
2023-11-16,182.8457,184.32,182.8,183.69,8253348.0,1516888600.0,183.69,0.0
2023-11-17,183.96,184.125,183.45,183.67,4871297.0,895046800.0,183.67,0.0
2023-11-20,182.32,183.48,182.225,183.37,5393464.0,987113400.0,183.37,0.0
2023-11-21,185.57,186.115,185.065,185.35,7322379.0,1358944300.0,185.35,0.0
2023-11-22,185.47,185.72,184.2715,184.56,4338209.0,801609000.0,184.56,0.0
2023-11-24,185.47,185.75,185.16,185.52,2445058.0,453542850.0,185.52,0.0
2023-11-27,186.56,186.8,185.93,186.77,6320420.0,1178656000.0,186.77,0.0
2023-11-28,187.9,189.4,187.52,189.26,10901890.0,2057732900.0,189.26,0.0
2023-11-29,189.16,189.99,189.02,189.54,8407253.0,1592763400.0,189.54,0.0
2023-11-30,188.89,189.24,188.28,188.75,7558123.0,1426800500.0,188.75,0.0
2023-12-01,188.805,192.395,188.685,192.01,16727571.0,3198584300.0,192.01,0.0
2023-12-04,189.599,190.38,187.26,187.86,18460544.0,3473172200.0,187.86,0.0
2023-12-05,187.5501,187.88,186.3,187.15,7027722.0,1315118700.0,187.15,0.0
2023-12-06,188.32,188.46,187.5,187.84,5778604.0,1086270600.0,187.84,0.0
2023-12-07,188.45,188.59,187.26,188.15,5802025.0,1091044700.0,188.15,0.0
2023-12-08,185.93,186.78,184.9,185.64,7883204.0,1464607100.0,185.64,0.0
2023-12-11,184.5,184.53,183.1513,183.59,8519527.0,1565107000.0,183.59,0.0
2023-12-12,183.844,183.98,183.26,183.49,5056911.0,928440260.0,183.49,0.0
2023-12-13,183.82,187.66,183.38,187.63,10635500.0,1977472400.0,187.63,0.0
2023-12-14,188.8649,189.82,188.08,188.73,9107157.0,1720766300.0,188.73,0.0
2023-12-15,188.52,188.96,186.82,187.0,8324824.0,1563218800.0,187.0,0.0
2023-12-18,187.5,188.49,187.24,187.85,5357987.0,1005771300.0,187.85,0.0
2023-12-19,188.23,189.7239,188.13,189.13,6025564.0,1139827600.0,189.13,0.0
2023-12-20,188.69,188.96,188.085,188.1,6002395.0,1131336200.0,188.1,0.0
2023-12-21,189.21,189.62,188.75,189.43,4619995.0,874335000.0,189.43,0.0
2023-12-22,191.6,191.88,190.07,190.27,7176292.0,1369113900.0,190.27,0.0
2023-12-26,190.97,191.74,190.4,191.72,4502664.0,859992200.0,191.72,0.0
2023-12-27,191.77,193.1823,191.54,192.59,5813295.0,1119323300.0,192.59,0.0
2023-12-28,192.34,192.89,191.44,191.47,6171506.0,1185481500.0,191.47,0.0
2023-12-29,190.99,191.64,190.74,191.17,4612349.0,882309200.0,191.17,0.0
2024-01-02,191.44,191.89,190.5,190.72,6025646.0,1151770200.0,190.72,0.0
2024-01-03,188.77,189.86,188.16,189.13,8661568.0,1635022600.0,189.13,0.0
2024-01-04,189.08,189.75,188.69,189.32,4416743.0,836199900.0,189.32,0.0
2024-01-05,189.68,191.26,189.08,189.35,7481883.0,1421148500.0,189.35,0.0
2024-01-08,187.21,188.74,187.11,187.87,6214968.0,1168116900.0,187.87,0.0
2024-01-09,188.68,188.78,187.73,187.93,4437269.0,834790100.0,187.93,0.0
2024-01-10,188.14,188.44,187.205,187.5,4504726.0,845142000.0,187.5,0.0
2024-01-11,188.02,188.55,186.56,187.87,6831086.0,1280483000.0,187.87,0.0
2024-01-12,190.67,191.08,189.16,189.71,6833678.0,1298908700.0,189.71,0.0
2024-01-16,189.15,189.26,187.54,187.91,6548068.0,1232526500.0,187.91,0.0
2024-01-17,187.31,187.42,185.45,185.84,8643163.0,1608053500.0,185.84,0.0
2024-01-18,186.36,187.4,186.3,187.37,4685239.0,875833700.0,187.37,0.0
2024-01-19,188.26,188.3,187.44,187.93,5719650.0,1074354400.0,187.93,0.0
2024-01-22,187.23,187.7601,186.85,187.22,4397522.0,823675200.0,187.22,0.0
2024-01-23,187.45,188.15,187.28,187.95,5040771.0,946196540.0,187.95,0.0
2024-01-24,188.33,188.37,186.32,186.4,6085437.0,1137176400.0,186.4,0.0
2024-01-25,187.34,187.64,186.46,187.14,4651026.0,869924160.0,187.14,0.0
2024-01-26,187.27,187.38,186.76,187.01,5064774.0,946832640.0,187.01,0.0
2024-01-29,188.31,188.54,187.1899,188.33,5629695.0,1057994240.0,188.33,0.0
2024-01-30,189.7,189.83,187.975,188.59,4976467.0,938875200.0,188.59,0.0
2024-01-31,189.37,190.46,188.13,188.45,7886115.0,1493978000.0,188.45,0.0
2024-02-01,189.71,191.36,188.99,190.41,10278129.0,1956640300.0,190.41,0.0
2024-02-02,188.07,188.87,187.85,188.61,7337573.0,1383084000.0,188.61,0.0
2024-02-05,186.875,187.82,186.7,187.57,5436062.0,1018479360.0,187.57,0.0
2024-02-06,187.94,188.854,187.742,188.55,4866122.0,917389600.0,188.55,0.0
2024-02-07,188.45,189.39,188.28,188.5,6276879.0,1184571400.0,188.5,0.0
2024-02-08,187.91,188.5298,187.8199,188.33,3873445.0,728914940.0,188.33,0.0
2024-02-09,187.56,187.77,187.14,187.6,4412654.0,827216000.0,187.6,0.0
2024-02-12,186.6,187.27,186.36,187.11,4706253.0,879480600.0,187.11,0.0
2024-02-13,185.35,185.38,184.33,184.53,9525794.0,1759174100.0,184.53,0.0
2024-02-14,184.27,184.88,183.78,184.42,7031562.0,1296430200.0,184.42,0.0
2024-02-15,185.6,186.02,185.095,185.66,6228859.0,1155949800.0,185.66,0.0
2024-02-16,185.076,186.67,184.835,186.34,6518526.0,1212820000.0,186.34,0.0
2024-02-20,187.96,188.03,187.4,187.47,5531152.0,1038029630.0,187.47,0.0
2024-02-21,187.88,188.04,187.1,187.48,5789951.0,1085971300.0,187.48,0.0
2024-02-22,187.56,187.64,187.05,187.56,4550823.0,852649900.0,187.56,0.0
2024-02-23,187.56,189.18,187.46,188.62,6827271.0,1286272300.0,188.62,0.0
2024-02-26,187.79,188.36,187.53,188.2,4491937.0,844172860.0,188.2,0.0
2024-02-27,188.58,188.72,187.88,188.0,5165376.0,972175940.0,188.0,0.0
2024-02-28,188.34,188.52,188.0301,188.34,2824131.0,531714700.0,188.34,0.0
2024-02-29,189.64,189.918,189.23,189.31,6848639.0,1297687700.0,189.31,0.0
2024-03-01,190.27,193.4,189.44,192.89,13410997.0,2578348500.0,192.89,0.0
2024-03-04,194.15,196.3299,193.88,196.01,12216341.0,2388484000.0,196.01,0.0
2024-03-05,197.44,198.14,196.65,197.19,9672210.0,1907846300.0,197.19,0.0
2024-03-06,198.08,199.3,197.44,198.81,10459292.0,2077123300.0,198.81,0.0
2024-03-07,199.54,200.11,198.91,199.94,8403737.0,1678162400.0,199.94,0.0
2024-03-08,200.89,203.3,200.4459,201.63,13540110.0,2731326000.0,201.63,0.0
2024-03-11,201.71,202.41,201.46,202.0,7329560.0,1480522000.0,202.0,0.0
2024-03-12,200.42,200.6277,199.16,199.79,9436586.0,1886498000.0,199.79,0.0
2024-03-13,200.44,201.86,200.35,201.19,5929990.0,1192555400.0,201.19,0.0
2024-03-14,200.37,200.47,199.34,200.35,6865044.0,1373382300.0,200.35,0.0
2024-03-15,199.94,200.634,199.57,199.71,4556710.0,911381200.0,199.71,0.0
2024-03-18,199.66,200.145,199.51,200.03,7206823.0,1440897500.0,200.03,0.0
2024-03-19,199.62,199.81,198.935,199.8,4657527.0,929120260.0,199.8,0.0
2024-03-20,199.16,202.66,199.12,202.18,9593754.0,1928778200.0,202.18,0.0
2024-03-21,203.88,203.92,200.6,201.97,7396540.0,1494110700.0,201.97,0.0
2024-03-22,201.32,201.86,199.715,200.35,6918508.0,1387927400.0,200.35,0.0
2024-03-25,201.19,201.95,200.965,200.99,4034750.0,812439300.0,200.99,0.0
2024-03-26,202.65,202.76,201.07,201.64,5752677.0,1160772900.0,201.64,0.0
2024-03-27,202.32,203.22,202.32,203.1,6040980.0,1225743900.0,203.1,0.0
2024-03-28,204.54,206.05,203.87,205.72,9194473.0,1887073700.0,205.72,0.0
2024-04-01,208.68,208.73,206.29,207.82,13677114.0,2835803100.0,207.82,0.0
2024-04-02,209.07,211.03,208.36,210.89,13421070.0,2817551000.0,210.89,0.0
2024-04-03,210.57,212.83,210.3,212.74,11416226.0,2417715700.0,212.74,0.0
2024-04-04,212.0,213.45,211.02,211.52,12307274.0,2611233000.0,211.52,0.0
2024-04-05,212.49,215.74,212.22,215.14,13382720.0,2874829000.0,215.14,0.0
2024-04-08,215.98,216.81,214.61,216.48,10331406.0,2229981200.0,216.48,0.0
2024-04-09,217.81,218.86,216.45,217.67,13079306.0,2844914000.0,217.67,0.0
2024-04-10,215.37,217.78,214.68,215.61,13317492.0,2879827700.0,215.61,0.0
2024-04-11,216.85,219.84,215.89,219.8,11415224.0,2488722000.0,219.8,0.0
2024-04-12,221.87,225.09,216.02,216.89,30898776.0,6811669000.0,216.89,0.0
2024-04-15,217.94,221.03,215.16,220.95,13238952.0,2891903500.0,220.95,0.0
2024-04-16,220.18,221.99,218.78,221.22,10746123.0,2370466800.0,221.22,0.0
2024-04-17,221.05,221.76,218.52,219.59,11521054.0,2538174700.0,219.59,0.0
2024-04-18,221.31,221.4599,219.312,220.34,6496885.0,1432335700.0,220.34,0.0
2024-04-19,220.49,222.36,220.08,221.03,8688967.0,1923795500.0,221.03,0.0
2024-04-22,216.35,216.9578,215.14,215.57,13404253.0,2895491600.0,215.57,0.0
2024-04-23,213.96,215.86,213.87,215.04,10730332.0,2307399200.0,215.04,0.0
2024-04-24,214.76,216.35,214.36,214.64,5741072.0,1235002800.0,214.64,0.0
2024-04-25,214.47,217.05,214.3357,215.92,6606512.0,1425277000.0,215.92,0.0
2024-04-26,216.77,217.0676,215.53,216.62,6268504.0,1356396400.0,216.62,0.0
2024-04-29,216.02,217.215,215.25,216.18,6409870.0,1387311900.0,216.18,0.0
2024-04-30,213.38,214.1271,211.8,211.87,11248615.0,2391380200.0,211.87,0.0
2024-05-01,212.96,215.5,212.41,213.79,10373880.0,2218089000.0,213.79,0.0
2024-05-02,211.9,213.705,211.49,213.13,6286967.0,1338169600.0,213.13,0.0
2024-05-03,212.89,213.225,210.71,212.96,8679910.0,1842434200.0,212.96,0.0
2024-05-06,215.14,215.91,214.47,215.2,6840477.0,1471723100.0,215.2,0.0
2024-05-07,214.52,214.93,213.88,214.21,5660735.0,1213389800.0,214.21,0.0
2024-05-08,213.62,214.8,213.5,213.58,4462736.0,955174500.0,213.58,0.0
2024-05-09,214.48,216.95,214.44,216.95,7732469.0,1671012900.0,216.95,0.0
2024-05-10,219.22,219.6,218.08,218.71,8700917.0,1904665500.0,218.71,0.0
2024-05-13,217.06,217.31,215.8,216.26,4865755.0,1053072960.0,216.26,0.0
2024-05-14,217.31,218.3795,216.98,218.09,4662679.0,1015477900.0,218.09,0.0
2024-05-15,219.06,221.19,217.65,220.89,9297715.0,2046307100.0,220.89,0.0
2024-05-16,220.14,220.585,219.41,220.03,4301652.0,946698560.0,220.03,0.0
2024-05-17,222.18,223.8501,221.67,223.66,10481937.0,2336378600.0,223.66,0.0
2024-05-20,223.79,225.66,223.02,224.56,5990860.0,1344779800.0,224.56,0.0
2024-05-21,224.77,225.21,223.7,224.23,4002615.0,898073540.0,224.23,0.0
2024-05-22,223.09,223.24,219.7407,220.11,8903115.0,1966479100.0,220.11,0.0
2024-05-23,218.78,219.23,215.66,215.72,9537911.0,2067877200.0,215.72,0.0
2024-05-24,216.96,217.21,215.74,215.92,4212379.0,910559200.0,215.92,0.0
2024-05-28,218.43,218.59,217.21,218.19,3809677.0,830552640.0,218.19,0.0
2024-05-29,216.92,217.16,216.12,216.16,4184972.0,906415550.0,216.16,0.0
2024-05-30,216.69,217.51,216.41,216.57,3071290.0,665997900.0,216.57,0.0
2024-05-31,217.77,217.96,214.65,215.3,5617183.0,1211129900.0,215.3,0.0
2024-06-03,215.92,217.82,215.54,217.22,6172606.0,1338335700.0,217.22,0.0
2024-06-04,216.24,216.24,214.2,215.27,5509361.0,1184953300.0,215.27,0.0
2024-06-05,216.69,218.0795,215.93,217.82,5479226.0,1191620500.0,217.82,0.0
2024-06-06,218.36,219.97,218.1,219.43,5283914.0,1158641900.0,219.43,0.0
2024-06-07,215.07,215.19,211.54,211.6,12195073.0,2599992000.0,211.6,0.0
2024-06-10,213.13,214.02,212.76,213.54,4219641.0,900617800.0,213.54,0.0
2024-06-11,213.95,214.38,213.24,214.15,4004085.0,856342000.0,214.15,0.0
2024-06-12,216.47,216.55,214.2,214.72,5911883.0,1273598700.0,214.72,0.0
2024-06-13,214.44,214.96,212.26,212.97,5861099.0,1249079300.0,212.97,0.0
2024-06-14,215.34,216.04,214.98,215.73,7076496.0,1525938800.0,215.73,0.0
2024-06-17,214.9,215.24,213.6,214.61,3877671.0,831293600.0,214.61,0.0
2024-06-18,214.38,215.83,214.04,215.47,4921415.0,1059175100.0,215.47,0.0
2024-06-20,216.32,218.7413,216.15,218.16,7290516.0,1588335900.0,218.16,0.0
2024-06-21,217.83,217.9,214.255,214.78,8935399.0,1923702000.0,214.78,0.0
2024-06-24,215.55,215.94,215.2,215.63,4626923.0,997740400.0,215.63,0.0
2024-06-25,214.96,215.31,214.12,214.56,3847694.0,825837500.0,214.56,0.0
2024-06-26,212.39,213.11,212.1204,212.58,4690348.0,997215360.0,212.58,0.0
2024-06-27,214.71,215.5,214.45,214.99,4977837.0,1070396740.0,214.99,0.0
2024-06-28,215.64,215.8148,214.82,215.01,3955080.0,851340100.0,215.01,0.0
2024-07-01,215.25,216.0,214.485,215.57,3797921.0,817812800.0,215.57,0.0
2024-07-02,215.33,216.08,214.6204,215.56,4921672.0,1059470600.0,215.56,0.0
2024-07-03,217.34,218.7397,217.33,217.99,5055313.0,1103031400.0,217.99,0.0
2024-07-05,219.58,221.28,219.58,220.93,5950550.0,1312363400.0,220.93,0.0
2024-07-08,219.64,220.04,217.41,218.19,5790811.0,1264587500.0,218.19,0.0
2024-07-09,218.57,219.29,217.265,218.56,3904495.0,852535550.0,218.56,0.0
2024-07-10,220.14,220.71,219.16,219.36,5556185.0,1221642900.0,219.36,0.0
2024-07-11,222.65,224.1489,221.48,223.25,9323981.0,2080477600.0,223.25,0.0
2024-07-12,222.03,223.62,221.86,223.11,5179297.0,1154354400.0,223.11,0.0
2024-07-15,223.39,225.59,223.02,223.83,5719339.0,1282928400.0,223.83,0.0
2024-07-16,225.45,228.29,225.3,228.29,11070663.0,2515946500.0,228.29,0.0
2024-07-17,228.79,229.65,226.67,227.23,8620511.0,1964752400.0,227.23,0.0
2024-07-18,227.71,228.32,225.57,225.78,5485459.0,1244140500.0,225.78,0.0
2024-07-19,221.52,222.68,221.41,221.73,8665956.0,1923654100.0,221.73,0.0
2024-07-22,221.58,221.92,220.4,221.8,5334060.0,1179856300.0,221.8,0.0
2024-07-23,222.34,222.75,221.86,222.58,4435700.0,986415900.0,222.58,0.0
2024-07-24,223.47,224.88,221.74,221.8,6838783.0,1526899200.0,221.8,0.0
2024-07-25,219.02,219.2607,217.52,218.33,9777054.0,2135003500.0,218.33,0.0
2024-07-26,219.96,221.04,219.7,220.63,6328784.0,1395220400.0,220.63,0.0
2024-07-29,221.26,221.55,219.045,220.32,4665057.0,1027086000.0,220.32,0.0
2024-07-30,221.41,222.92,220.355,222.52,4939531.0,1095700100.0,222.52,0.0
2024-07-31,223.73,226.6,223.64,226.55,7316552.0,1647634800.0,226.55,0.0
2024-08-01,226.74,227.57,225.05,225.77,7217224.0,1631722600.0,225.77,0.0
2024-08-02,227.95,228.76,222.865,225.34,11109387.0,2506872000.0,225.34,0.0
2024-08-05,220.56,223.1,220.241,222.48,8939011.0,1983284100.0,222.48,0.0
2024-08-06,221.5,222.14,220.11,220.7,14362267.0,3173623000.0,220.7,0.0
2024-08-07,221.94,222.31,220.35,220.55,5287817.0,1170183800.0,220.55,0.0
2024-08-08,222.73,224.25,222.515,224.01,6327054.0,1414903900.0,224.01,0.0
2024-08-09,224.82,225.28,223.82,224.56,4441017.0,997525700.0,224.56,0.0
2024-08-12,226.14,228.535,225.965,228.41,5561259.0,1265216500.0,228.41,0.0
2024-08-13,228.07,228.87,227.59,228.06,6740238.0,1537448300.0,228.06,0.0
2024-08-14,226.55,227.48,225.35,226.2,5462495.0,1236176300.0,226.2,0.0
2024-08-15,226.51,227.5,225.12,226.91,5273310.0,1195875000.0,226.91,0.0
2024-08-16,229.99,232.02,229.005,231.99,11924536.0,2751338800.0,231.99,0.0
2024-08-19,230.15,231.78,229.74,231.61,5164817.0,1193534000.0,231.61,0.0
2024-08-20,233.71,234.01,231.13,232.46,9073611.0,2111537300.0,232.46,0.0
2024-08-21,231.69,232.87,230.48,232.15,5337388.0,1236981900.0,232.15,0.0
2024-08-22,230.35,230.38,228.26,229.37,5765369.0,1322114400.0,229.37,0.0
2024-08-23,231.04,232.73,230.5199,232.02,5418171.0,1256611000.0,232.02,0.0
2024-08-26,233.45,233.5,232.06,232.76,3151384.0,733358600.0,232.76,0.0
2024-08-27,231.69,233.47,231.5701,233.39,4435606.0,1032597570.0,233.39,0.0
2024-08-28,232.0,232.02,230.73,231.75,4961482.0,1148818300.0,231.75,0.0
2024-08-29,231.95,233.61,231.92,232.95,5524161.0,1287125600.0,232.95,0.0
2024-08-30,232.53,232.86,230.5501,231.29,5742963.0,1329305200.0,231.29,0.0
2024-09-03,230.38,230.54,228.52,230.29,6417918.0,1473794000.0,230.29,0.0
2024-09-04,229.79,231.06,229.375,230.43,4695980.0,1082023300.0,230.43,0.0
2024-09-05,232.72,232.89,231.33,232.35,4838112.0,1123484200.0,232.35,0.0
2024-09-06,231.83,232.76,229.62,230.63,6315824.0,1458871300.0,230.63,0.0
2024-09-09,231.26,231.62,230.39,231.6,3548806.0,820311800.0,231.6,0.0
2024-09-10,232.39,232.74,231.12,232.62,4378349.0,1016859260.0,232.62,0.0
2024-09-11,231.72,232.87,231.09,232.25,4637312.0,1076206500.0,232.25,0.0
2024-09-12,234.63,236.45,234.42,236.33,9944986.0,2344084000.0,236.33,0.0
2024-09-13,238.13,238.98,237.7575,238.68,7455078.0,1777570200.0,238.68,0.0
2024-09-16,238.73,239.278,238.05,238.66,4713541.0,1124570800.0,238.66,0.0
2024-09-17,238.08,238.6,236.61,237.34,5257119.0,1248570000.0,237.34,0.0
2024-09-18,238.19,240.2896,235.3,235.51,11081114.0,2634230000.0,235.51,0.0
2024-09-19,238.24,239.515,237.39,239.17,6108226.0,1458519200.0,239.17,0.0
2024-09-20,241.11,242.625,240.47,242.21,7737416.0,1871296400.0,242.21,0.0
2024-09-23,242.97,243.46,242.585,242.68,5426166.0,1317958100.0,242.68,0.0
2024-09-24,243.39,246.19,243.15,246.07,8386348.0,2053204500.0,246.07,0.0
2024-09-25,246.19,246.47,244.79,245.73,7393448.0,1816995300.0,245.73,0.0
2024-09-26,246.44,247.37,245.19,246.98,7041063.0,1735452300.0,246.98,0.0
2024-09-27,246.31,246.75,244.19,245.02,8329633.0,2041164000.0,245.02,0.0
2024-09-30,243.97,244.08,242.5,243.06,6919352.0,1683627800.0,243.06,0.0
2024-10-01,245.2,246.98,245.06,245.61,10605494.0,2610121200.0,245.61,0.0
2024-10-02,245.61,246.07,243.99,245.66,6798783.0,1666856300.0,245.66,0.0
2024-10-03,244.72,245.91,243.69,245.49,5674503.0,1390853000.0,245.49,0.0
2024-10-04,245.0,246.69,244.045,245.0,5951628.0,1457817300.0,245.0,0.0
2024-10-07,244.58,244.82,243.81,244.17,3849026.0,940281300.0,244.17,0.0
2024-10-08,243.79,244.04,240.63,242.37,7669807.0,1856416300.0,242.37,0.0
2024-10-09,241.16,241.84,240.64,241.05,4120486.0,993543940.0,241.05,0.0
2024-10-10,241.77,243.02,241.5101,242.82,4792690.0,1162149600.0,242.82,0.0
2024-10-11,244.5,245.92,244.47,245.47,5789546.0,1420582700.0,245.47,0.0
2024-10-14,245.16,245.86,244.26,245.07,3922892.0,960471900.0,245.07,0.0
2024-10-15,244.99,246.55,244.53,245.92,5640831.0,1386789900.0,245.92,0.0
2024-10-16,247.62,248.09,246.36,247.15,5431939.0,1342226200.0,247.15,0.0
2024-10-17,247.75,249.06,247.62,248.63,5176170.0,1286362600.0,248.63,0.0
2024-10-18,250.0,251.37,249.9,251.27,7833614.0,1966057000.0,251.27,0.0
2024-10-21,252.74,253.14,250.73,251.22,9258590.0,2330950100.0,251.22,0.0
2024-10-22,253.06,253.94,252.52,253.93,5756321.0,1458528500.0,253.93,0.0
2024-10-23,253.08,253.18,250.2,250.87,8080958.0,2032747300.0,250.87,0.0
2024-10-24,253.27,253.32,251.4,252.8,5962188.0,1505259900.0,252.8,0.0
2024-10-25,252.0,253.5499,251.77,253.32,4424475.0,1119108600.0,253.32,0.0
2024-10-28,253.01,253.63,252.95,253.33,4029110.0,1020535700.0,253.33,0.0
2024-10-29,254.49,256.29,254.23,256.09,8875470.0,2269119500.0,256.09,0.0
2024-10-30,256.76,257.71,255.9101,257.5,6386196.0,1641296400.0,257.5,0.0
2024-10-31,255.52,255.6,252.2,253.51,9930827.0,2517315600.0,253.51,0.0
2024-11-01,254.33,254.86,252.435,252.47,6473012.0,1639920800.0,252.47,0.0
2024-11-04,253.32,253.58,252.27,252.83,4581435.0,1158606500.0,252.83,0.0
2024-11-05,253.78,253.9893,252.41,253.4,6029884.0,1526628600.0,253.4,0.0
2024-11-06,245.635,247.35,244.9506,245.7,14600217.0,3591466500.0,245.7,0.0
2024-11-07,248.29,250.24,248.12,249.65,8821445.0,2196936000.0,249.65,0.0
2024-11-08,249.07,249.35,247.78,247.96,6267916.0,1555777000.0,247.96,0.0
2024-11-11,242.73,242.73,241.06,242.14,11653848.0,2818679000.0,242.14,0.0
2024-11-12,241.29,241.66,239.39,240.05,10145510.0,2437212200.0,240.05,0.0
2024-11-13,241.31,241.47,237.59,237.63,8431694.0,2014377200.0,237.63,0.0
2024-11-14,236.57,237.9886,236.1326,237.01,8262426.0,1959381500.0,237.01,0.0
2024-11-15,237.57,237.88,236.33,236.59,7299482.0,1729513000.0,236.59,0.0
2024-11-18,240.46,241.495,240.45,241.09,6512986.0,1569717500.0,241.09,0.0
2024-11-19,242.75,243.31,242.03,243.25,6579103.0,1597193100.0,243.25,0.0
2024-11-20,243.74,245.21,243.51,244.62,6630737.0,1621174100.0,244.62,0.0
2024-11-21,246.23,246.81,245.69,246.66,7646429.0,1883992200.0,246.66,0.0
2024-11-22,248.2,250.39,247.86,249.84,7502963.0,1872419200.0,249.84,0.0
2024-11-25,244.27,244.3999,241.48,242.48,10733109.0,2607006700.0,242.48,0.0
2024-11-26,242.71,243.09,241.58,242.95,4945897.0,1199689100.0,242.95,0.0
2024-11-27,244.85,245.1835,243.2,243.49,6930587.0,1690493600.0,243.49,0.0
2024-11-29,245.25,245.81,244.73,245.59,2708494.0,664808260.0,245.59,0.0
2024-12-02,244.46,244.5805,243.14,243.44,4765001.0,1161866400.0,243.44,0.0
2024-12-03,244.96,245.18,243.3,243.93,3557819.0,868743600.0,243.93,0.0
2024-12-04,244.93,245.34,244.365,244.67,4608584.0,1128226000.0,244.67,0.0
2024-12-05,244.16,244.38,242.15,242.86,4806206.0,1168672300.0,242.86,0.0
2024-12-06,242.79,243.86,242.435,242.95,3540698.0,861434500.0,242.95,0.0
2024-12-09,246.28,247.11,245.2595,245.36,4711536.0,1159874700.0,245.36,0.0
2024-12-10,247.86,248.86,247.83,248.59,4641963.0,1153009800.0,248.59,0.0
2024-12-11,249.35,251.26,248.97,250.96,11033776.0,2762855400.0,250.96,0.0
2024-12-12,247.81,248.24,246.87,247.28,10149585.0,2513114400.0,247.28,0.0
2024-12-13,245.67,245.94,244.27,244.29,6602591.0,1618265300.0,244.29,0.0
2024-12-16,245.41,245.54,244.29,244.88,3310036.0,810989630.0,244.88,0.0
2024-12-17,243.8,244.55,243.23,243.94,4421339.0,1078354400.0,243.94,0.0
2024-12-18,243.57,243.7095,238.82,239.26,8015848.0,1933198800.0,239.26,0.0
2024-12-19,239.67,240.05,238.73,239.6,8113568.0,1942733800.0,239.6,0.0
2024-12-20,241.41,242.955,241.17,242.1,9527805.0,2308087000.0,242.1,0.0
2024-12-23,241.6,241.67,240.65,240.96,5835498.0,1406760100.0,240.96,0.0
2024-12-24,241.49,241.66,240.82,241.44,2421008.0,584082700.0,241.44,0.0
2024-12-26,242.39,243.56,242.195,243.07,4651778.0,1130315500.0,243.07,0.0
2024-12-27,241.2,241.95,241.05,241.4,4728440.0,1141961300.0,241.4,0.0
2024-12-30,241.08,241.08,239.58,240.63,3522539.0,846865900.0,240.63,0.0
2024-12-31,241.05,242.52,241.05,242.13,2522102.0,610541900.0,242.13,0.0
2025-01-02,244.22,245.53,244.08,245.42,6241899.0,1529232100.0,245.42,0.0
2025-01-03,244.56,244.82,243.36,243.49,4875546.0,1188946300.0,243.49,0.0
2025-01-06,242.33,243.79,242.05,243.19,3758903.0,913875400.0,243.19,0.0
2025-01-07,245.52,245.77,243.81,244.56,5090333.0,1245353500.0,244.56,0.0
2025-01-08,245.72,246.45,244.51,245.86,6303334.0,1548598000.0,245.86,0.0
2025-01-10,248.01,249.04,247.55,248.21,12380131.0,3074869200.0,248.21,0.0
2025-01-13,246.34,246.79,245.151,245.74,8448595.0,2076303900.0,245.74,0.0
2025-01-14,245.62,247.04,245.52,247.03,4914837.0,1211466500.0,247.03,0.0
2025-01-15,248.21,248.9,247.0102,248.88,6344973.0,1574719500.0,248.88,0.0
2025-01-16,250.56,251.39,250.27,250.6,9235998.0,2316025300.0,250.6,0.0
2025-01-17,249.7,250.81,249.15,249.27,8312858.0,2078854500.0,249.27,0.0
2025-01-21,251.95,253.3598,251.83,253.13,7668119.0,1938229800.0,253.13,0.0
2025-01-22,254.29,254.68,253.7801,254.43,5213777.0,1325809300.0,254.43,0.0
2025-01-23,253.19,254.54,252.82,254.07,6511526.0,1652497000.0,254.07,0.0
2025-01-24,255.96,257.07,255.61,255.65,7341337.0,1880384400.0,255.65,0.0
2025-01-27,253.86,254.26,251.92,252.99,5799780.0,1466510800.0,252.99,0.0
2025-01-28,254.225,255.25,253.891,255.18,5332005.0,1358275000.0,255.18,0.0
2025-01-29,254.55,254.82,253.3,254.2,5671753.0,1441817500.0,254.2,0.0
2025-01-30,257.2,258.29,256.45,258.05,12981164.0,3344864300.0,258.05,0.0
2025-01-31,259.08,259.99,257.86,258.56,8965576.0,2321680600.0,258.56,0.0
2025-02-03,259.75,261.3897,259.5236,259.94,11521093.0,2998346000.0,259.94,0.0
2025-02-04,261.83,262.54,261.35,262.5,9850412.0,2582622500.0,262.5,0.0
2025-02-05,264.45,265.99,263.89,264.13,12681127.0,3357774800.0,264.13,0.0
2025-02-06,263.66,263.72,261.49,263.43,8731433.0,2296111000.0,263.43,0.0
2025-02-07,265.22,266.345,263.26,263.9,9154042.0,2424522200.0,263.9,0.0
2025-02-10,268.0,268.66,267.24,268.37,13250312.0,3552152800.0,268.37,0.0
2025-02-11,267.7,268.36,266.711,267.39,7169450.0,1918573400.0,267.39,0.0
2025-02-12,267.15,268.43,266.3451,267.67,9328598.0,2494601500.0,267.67,0.0
2025-02-13,268.4,270.39,268.22,270.31,8347547.0,2249629700.0,270.31,0.0
2025-02-14,270.07,270.21,265.45,266.29,11546721.0,3081806000.0,266.29,0.0
2025-02-18,269.68,271.0099,269.6,270.7,8185949.0,2213163800.0,270.7,0.0
2025-02-19,270.68,271.33,269.24,270.85,9342452.0,2524634000.0,270.85,0.0
2025-02-20,270.23,271.84,270.17,270.99,7356900.0,1994129700.0,270.99,0.0
2025-02-21,270.795,271.51,269.51,270.74,8917431.0,2415600000.0,270.74,0.0
2025-02-24,271.45,272.32,270.375,272.21,5374360.0,1459542400.0,272.21,0.0
2025-02-25,271.46,271.6796,266.45,268.62,10079777.0,2706942200.0,268.62,0.0
2025-02-26,267.08,269.08,266.6612,269.03,7276033.0,1953796700.0,269.03,0.0
2025-02-27,266.49,266.67,264.4475,264.93,9374626.0,2487380700.0,264.93,0.0
2025-02-28,262.555,263.4,261.25,263.27,11504491.0,3019843800.0,263.27,0.0
2025-03-03,265.07,266.88,265.07,266.74,7725647.0,2056711700.0,266.74,0.0
2025-03-04,269.01,269.4,267.52,269.06,8481343.0,2278897000.0,269.06,0.0
2025-03-05,267.97,270.26,267.96,269.62,6990354.0,1882469500.0,269.62,0.0
2025-03-06,268.25,269.51,268.16,268.25,6136447.0,1649623000.0,268.25,0.0
2025-03-07,269.09,270.34,267.64,268.39,10431236.0,2801284400.0,268.39,0.0
2025-03-10,267.62,268.44,265.64,266.04,7593890.0,2026837400.0,266.04,0.0
2025-03-11,268.47,269.73,268.4401,269.16,8436562.0,2270725000.0,269.16,0.0
2025-03-12,268.47,271.23,268.36,270.33,7236239.0,1955304800.0,270.33,0.0
2025-03-13,271.57,275.345,271.55,275.13,13741460.0,3768466200.0,275.13,0.0
2025-03-14,276.27,276.3,274.66,275.24,13364965.0,3681083000.0,275.24,0.0
2025-03-17,275.54,276.79,275.39,276.73,8583359.0,2372232000.0,276.73,0.0
2025-03-18,279.9,280.215,278.97,279.96,9596547.0,2684642600.0,279.96,0.0
2025-03-19,279.85,281.479,279.06,281.11,8822197.0,2470306800.0,281.11,0.0
2025-03-20,279.49,280.9,279.43,280.75,5863288.0,1643277300.0,280.75,0.0
2025-03-21,279.46,279.46,276.59,278.49,9359340.0,2601980000.0,278.49,0.0
2025-03-24,278.91,279.089,276.86,277.25,7870109.0,2185159400.0,277.25,0.0
2025-03-25,278.78,279.96,278.27,278.47,5090179.0,1419477400.0,278.47,0.0
2025-03-26,278.93,279.02,277.78,278.24,3741843.0,1041385200.0,278.24,0.0
2025-03-27,280.55,282.065,279.5868,281.97,8476335.0,2385705200.0,281.97,0.0
2025-03-28,283.82,284.64,282.86,284.06,9563660.0,2715229200.0,284.06,0.0
2025-03-31,287.53,288.39,285.85,288.14,13925100.0,4003704300.0,288.14,0.0
2025-04-01,288.54,289.13,285.91,287.57,15923553.0,4581560000.0,287.57,0.0
2025-04-02,288.28,289.03,287.36,288.16,11074787.0,3191742500.0,288.16,0.0
2025-04-03,282.78,289.09,282.45,286.42,20524384.0,5876985300.0,286.42,0.0
2025-04-04,283.64,284.03,278.02,279.72,21517158.0,6026865700.0,279.72,0.0
2025-04-07,278.855,280.14,272.58,273.71,19806990.0,5455948300.0,273.71,0.0
2025-04-08,277.8665,278.32,274.24,275.2,12639534.0,3489216800.0,275.2,0.0
2025-04-09,282.22,285.87,281.04,285.38,25342180.0,7189992000.0,285.38,0.0
2025-04-10,288.805,292.86,287.231,292.35,19837800.0,5774469600.0,292.35,0.0
2025-04-11,297.96,299.275,296.81,297.93,21080132.0,6284267500.0,297.93,0.0
2025-04-14,295.54,296.58,294.53,296.23,12427590.0,3673962200.0,296.23,0.0
2025-04-15,296.93,298.02,296.09,297.78,7924134.0,2355291100.0,297.78,0.0
2025-04-16,304.65,308.0599,303.8,307.47,20778080.0,6361582600.0,307.47,0.0
2025-04-17,306.31,307.13,302.73,306.12,18287824.0,5583167000.0,306.12,0.0
2025-04-21,315.015,316.41,313.945,315.59,20372260.0,6423815000.0,315.59,0.0
2025-04-22,317.49,317.63,310.36,311.11,35242290.0,11061279000.0,311.11,0.0
2025-04-23,304.18,304.74,300.59,303.65,25421464.0,7700224500.0,303.65,0.0
2025-04-24,306.98,308.495,304.71,308.07,10844971.0,3327447600.0,308.07,0.0
2025-04-25,301.78,305.37,301.01,304.73,10687620.0,3237344800.0,304.73,0.0
2025-04-28,304.15,309.11,302.97,309.07,9375484.0,2877624300.0,309.07,0.0
2025-04-29,305.81,306.95,304.0,306.06,6852106.0,2094322200.0,306.06,0.0
2025-04-30,304.605,306.065,303.44,303.77,8331894.0,2537525500.0,303.77,0.0
2025-05-01,297.41,297.94,295.32,297.46,14969062.0,4443265000.0,297.46,0.0
2025-05-02,300.17,300.85,297.03,297.98,8674437.0,2591478500.0,297.98,0.0
2025-05-05,305.92,307.65,304.675,306.88,8924009.0,2731348500.0,306.88,0.0
2025-05-06,313.12,315.62,311.4,315.48,11445270.0,3592945400.0,315.48,0.0
2025-05-07,312.1,313.26,310.08,310.75,7909976.0,2465370600.0,310.75,0.0
2025-05-08,309.76,310.48,303.05,304.63,11927583.0,3651809000.0,304.63,0.0
2025-05-09,307.79,308.57,306.0101,306.84,6909140.0,2123874200.0,306.84,0.0
2025-05-12,298.33,299.47,296.82,298.19,14375881.0,4286584000.0,298.19,0.0
2025-05-13,299.02,300.3,297.24,299.46,10233603.0,3061985800.0,299.46,0.0
2025-05-14,293.67,294.8,291.96,293.16,14800596.0,4340808000.0,293.16,0.0
2025-05-15,294.1,297.9,293.75,297.84,13497735.0,3997929200.0,297.84,0.0
2025-05-16,292.62,294.575,291.78,294.24,14096710.0,4138624800.0,294.24,0.0
2025-05-19,297.845,298.58,296.482,298.03,11656261.0,3470261800.0,298.03,0.0
2025-05-20,298.35,303.6825,298.3,303.58,12850980.0,3883000600.0,303.58,0.0
2025-05-21,304.55,306.46,303.67,305.82,12414518.0,3788803300.0,305.82,0.0
2025-05-22,305.09,305.28,302.1,303.11,9704165.0,2945745200.0,303.11,0.0
2025-05-23,308.86,310.25,307.47,309.75,13336128.0,4125385200.0,309.75,0.0
2025-05-27,303.81,304.875,302.74,304.5,9578486.0,2912186000.0,304.5,0.0
2025-05-28,304.64,304.99,303.06,303.81,8803333.0,2676006000.0,303.81,0.0
2025-05-29,305.74,306.89,304.46,305.61,9502412.0,2905340200.0,305.61,0.0
2025-05-30,303.64,304.02,301.5,303.6,9546889.0,2892853000.0,303.6,0.0
2025-06-02,309.21,311.72,308.72,311.67,13593232.0,4226009300.0,311.67,0.0
2025-06-03,309.56,309.56,307.15,308.91,9315081.0,2874171400.0,308.91,0.0
2025-06-04,309.41,311.88,308.74,310.9,7462529.0,2318141400.0,310.9,0.0
2025-06-05,311.24,312.2,307.6501,309.33,10856012.0,3362332000.0,309.33,0.0
2025-06-06,309.09,309.2,305.1,305.18,7787508.0,2386664200.0,305.18,0.0
2025-06-09,305.39,307.61,305.06,306.62,7159036.0,2195901200.0,306.62,0.0
2025-06-10,308.31,308.6,305.87,306.71,7071702.0,2169424100.0,306.71,0.0
2025-06-11,307.5,308.615,305.85,308.37,9248766.0,2845062000.0,308.37,0.0
2025-06-12,311.74,313.1,311.15,312.2,11531407.0,3598197200.0,312.2,0.0
2025-06-13,317.26,317.6,315.0375,316.29,16592949.0,5248506000.0,316.29,0.0
2025-06-16,314.8,314.87,311.65,311.78,12848440.0,4017924400.0,311.78,0.0
2025-06-17,312.66,313.0,310.12,311.94,8234115.0,2568243500.0,311.94,0.0
2025-06-18,312.89,312.98,309.86,310.26,9370785.0,2920200200.0,310.26,0.0
2025-06-20,309.33,310.89,309.25,310.13,8794711.0,2728066800.0,310.13,0.0
2025-06-23,310.34,312.67,310.31,311.08,12687916.0,3952267000.0,311.08,0.0
2025-06-24,305.07,306.34,303.54,306.19,12035177.0,3671802600.0,306.19,0.0
2025-06-25,305.31,307.36,305.12,307.12,6733155.0,2063315800.0,307.12,0.0
2025-06-26,305.77,307.28,304.855,306.78,6787517.0,2079008100.0,306.78,0.0
2025-06-27,300.03,302.36,299.89,301.22,13301308.0,4007495000.0,301.22,0.0
2025-06-30,302.385,304.92,301.95,304.83,8192086.0,2486382300.0,304.83,0.0
2025-07-01,308.555,309.0,307.36,307.55,9335647.0,2874824400.0,307.55,0.0
2025-07-02,308.035,309.395,306.96,309.25,8316377.0,2563581200.0,309.25,0.0
2025-07-03,307.05,307.57,306.15,307.14,5275838.0,1618735700.0,307.14,0.0
2025-07-07,305.07,307.705,304.53,307.37,7351641.0,2252305700.0,307.37,0.0
2025-07-08,306.3,306.445,302.77,304.16,11840545.0,3603596000.0,304.16,0.0
2025-07-09,303.58,305.54,303.23,305.52,10644077.0,3244778500.0,305.52,0.0
2025-07-10,306.11,306.51,304.82,306.2,7059561.0,2158220500.0,306.2,0.0
2025-07-11,308.855,310.28,308.5153,309.14,9187302.0,2840745000.0,309.14,0.0
2025-07-14,309.07,309.38,307.73,308.01,5772879.0,1780786000.0,308.01,0.0
2025-07-15,307.73,308.74,305.79,306.73,8149008.0,2501974000.0,306.73,0.0
2025-07-16,307.11,311.09,305.73,308.26,17693100.0,5459842000.0,308.26,0.0
2025-07-17,305.5,307.665,305.12,307.59,6642258.0,2037201500.0,307.59,0.0
2025-07-18,309.24,309.37,308.32,308.39,5574281.0,1721466500.0,308.39,0.0
2025-07-21,311.88,313.31,311.61,313.13,10995756.0,3439116800.0,313.13,0.0
2025-07-22,314.48,316.24,313.62,316.1,13691849.0,4320024000.0,316.1,0.0
2025-07-23,314.0,314.96,311.42,312.18,10547520.0,3300736000.0,312.18,0.0
2025-07-24,309.29,310.99,309.06,310.27,7698763.0,2388982300.0,310.27,0.0
2025-07-25,307.82,308.31,306.2,307.4,9376386.0,2880592100.0,307.4,0.0
